"","school","logo"
"1","Abilene Christian","http://a.espncdn.com/i/teamlogos/ncaa/500/2000.png"
"2","Adams State","http://a.espncdn.com/i/teamlogos/ncaa/500/2001.png"
"3","Adrian","http://a.espncdn.com/i/teamlogos/ncaa/500/2003.png"
"4","Air Force","http://a.espncdn.com/i/teamlogos/ncaa/500/2005.png"
"5","Akron","http://a.espncdn.com/i/teamlogos/ncaa/500/2006.png"
"6","Alabama","http://a.espncdn.com/i/teamlogos/ncaa/500/333.png"
"7","Alabama A&M","http://a.espncdn.com/i/teamlogos/ncaa/500/2010.png"
"8","Alabama State","http://a.espncdn.com/i/teamlogos/ncaa/500/2011.png"
"9","Albany","http://a.espncdn.com/i/teamlogos/ncaa/500/399.png"
"10","Albany State (GA)","http://a.espncdn.com/i/teamlogos/ncaa/500/2013.png"
"11","Albion","http://a.espncdn.com/i/teamlogos/ncaa/500/2790.png"
"12","Albright","http://a.espncdn.com/i/teamlogos/ncaa/500/2015.png"
"13","Alcorn State","http://a.espncdn.com/i/teamlogos/ncaa/500/2016.png"
"14","Alderson-Broaddus","http://a.espncdn.com/i/teamlogos/ncaa/500/2017.png"
"15","Alfred","http://a.espncdn.com/i/teamlogos/ncaa/500/365.png"
"16","Alfred State College","http://a.espncdn.com/i/teamlogos/ncaa/500/3162.png"
"17","Allegheny","http://a.espncdn.com/i/teamlogos/ncaa/500/2018.png"
"18","Alma College","http://a.espncdn.com/i/teamlogos/ncaa/500/2800.png"
"19","American International","http://a.espncdn.com/i/teamlogos/ncaa/500/2022.png"
"20","Amherst College","http://a.espncdn.com/i/teamlogos/ncaa/500/7.png"
"21","Anderson (IN)","http://a.espncdn.com/i/teamlogos/ncaa/500/2023.png"
"22","Angelo State","http://a.espncdn.com/i/teamlogos/ncaa/500/2025.png"
"23","Anna Maria College","http://a.espncdn.com/i/teamlogos/ncaa/500/15.png"
"24","Appalachian State","http://a.espncdn.com/i/teamlogos/ncaa/500/2026.png"
"25","Apprentice School","http://a.espncdn.com/i/teamlogos/ncaa/500/3111.png"
"26","Arizona","http://a.espncdn.com/i/teamlogos/ncaa/500/12.png"
"27","Arizona Christian",""
"28","Arizona State","http://a.espncdn.com/i/teamlogos/ncaa/500/9.png"
"29","Arkansas","http://a.espncdn.com/i/teamlogos/ncaa/500/8.png"
"30","Arkansas-Monticello","http://a.espncdn.com/i/teamlogos/ncaa/500/2028.png"
"31","Arkansas-Pine Bluff","http://a.espncdn.com/i/teamlogos/ncaa/500/2029.png"
"32","Arkansas State","http://a.espncdn.com/i/teamlogos/ncaa/500/2032.png"
"33","Arkansas Tech","http://a.espncdn.com/i/teamlogos/ncaa/500/2033.png"
"34","Army","http://a.espncdn.com/i/teamlogos/ncaa/500/349.png"
"35","Ashland","http://a.espncdn.com/i/teamlogos/ncaa/500/308.png"
"36","Assumption","http://a.espncdn.com/i/teamlogos/ncaa/500/2038.png"
"37","Auburn","http://a.espncdn.com/i/teamlogos/ncaa/500/2.png"
"38","Augsburg","http://a.espncdn.com/i/teamlogos/ncaa/500/124.png"
"39","Augustana (IL)","http://a.espncdn.com/i/teamlogos/ncaa/500/2042.png"
"40","Augustana (SD)","http://a.espncdn.com/i/teamlogos/ncaa/500/2043.png"
"41","Aurora","http://a.espncdn.com/i/teamlogos/ncaa/500/2044.png"
"42","Austin College","http://a.espncdn.com/i/teamlogos/ncaa/500/2045.png"
"43","Austin Peay","http://a.espncdn.com/i/teamlogos/ncaa/500/2046.png"
"44","Ave Maria","http://a.espncdn.com/i/teamlogos/ncaa/500/3178.png"
"45","Averett","http://a.espncdn.com/i/teamlogos/ncaa/500/2047.png"
"46","Avila College","http://a.espncdn.com/i/teamlogos/ncaa/500/2048.png"
"47","Azusa Pacific","http://a.espncdn.com/i/teamlogos/ncaa/500/2049.png"
"48","Bacone College","http://a.espncdn.com/i/teamlogos/ncaa/500/487.png"
"49","Baker University","http://a.espncdn.com/i/teamlogos/ncaa/500/488.png"
"50","Baldwin-Wallace","http://a.espncdn.com/i/teamlogos/ncaa/500/188.png"
"51","Ball State","http://a.espncdn.com/i/teamlogos/ncaa/500/2050.png"
"52","Bates College","http://a.espncdn.com/i/teamlogos/ncaa/500/121.png"
"53","Baylor","http://a.espncdn.com/i/teamlogos/ncaa/500/239.png"
"54","Becker College","http://a.espncdn.com/i/teamlogos/ncaa/500/479.png"
"55","Beloit College","http://a.espncdn.com/i/teamlogos/ncaa/500/266.png"
"56","Bemidji State","http://a.espncdn.com/i/teamlogos/ncaa/500/132.png"
"57","Benedict College","http://a.espncdn.com/i/teamlogos/ncaa/500/490.png"
"58","Benedictine College","http://a.espncdn.com/i/teamlogos/ncaa/500/16111.png"
"59","Benedictine (IL)","http://a.espncdn.com/i/teamlogos/ncaa/500/2283.png"
"60","Bentley","http://a.espncdn.com/i/teamlogos/ncaa/500/2060.png"
"61","Berry College","http://a.espncdn.com/i/teamlogos/ncaa/500/2757.png"
"62","Bethany (KS)","http://a.espncdn.com/i/teamlogos/ncaa/500/492.png"
"63","Bethany (WV)","http://a.espncdn.com/i/teamlogos/ncaa/500/2062.png"
"64","Bethel (MN)","http://a.espncdn.com/i/teamlogos/ncaa/500/2802.png"
"65","Bethel (TN)","http://a.espncdn.com/i/teamlogos/ncaa/500/2064.png"
"66","Bethune-Cookman","http://a.espncdn.com/i/teamlogos/ncaa/500/2065.png"
"67","Birmingham-Southern","http://a.espncdn.com/i/teamlogos/ncaa/500/3.png"
"68","Blackburn","http://a.espncdn.com/i/teamlogos/ncaa/500/2070.png"
"69","Black Hills State","http://a.espncdn.com/i/teamlogos/ncaa/500/2069.png"
"70","Bloomsburg","http://a.espncdn.com/i/teamlogos/ncaa/500/2071.png"
"71","Bluefield College","http://a.espncdn.com/i/teamlogos/ncaa/500/495.png"
"72","Bluffton","http://a.espncdn.com/i/teamlogos/ncaa/500/2074.png"
"73","Boise State","http://a.espncdn.com/i/teamlogos/ncaa/500/68.png"
"74","Boston College","http://a.espncdn.com/i/teamlogos/ncaa/500/103.png"
"75","Bowdoin","http://a.espncdn.com/i/teamlogos/ncaa/500/340.png"
"76","Bowling Green","http://a.espncdn.com/i/teamlogos/ncaa/500/189.png"
"77","Brevard College","http://a.espncdn.com/i/teamlogos/ncaa/500/2913.png"
"78","Bridgewater State","http://a.espncdn.com/i/teamlogos/ncaa/500/18.png"
"79","Bridgewater (VA)","http://a.espncdn.com/i/teamlogos/ncaa/500/2079.png"
"80","Brit Columbia","http://a.espncdn.com/i/teamlogos/ncaa/500/2080.png"
"81","Brockport State (NY)","http://a.espncdn.com/i/teamlogos/ncaa/500/2781.png"
"82","Brown","http://a.espncdn.com/i/teamlogos/ncaa/500/225.png"
"83","Bryant","http://a.espncdn.com/i/teamlogos/ncaa/500/2803.png"
"84","Bucknell","http://a.espncdn.com/i/teamlogos/ncaa/500/2083.png"
"85","Buena Vista","http://a.espncdn.com/i/teamlogos/ncaa/500/63.png"
"86","Buffalo","http://a.espncdn.com/i/teamlogos/ncaa/500/2084.png"
"87","Buffalo State","http://a.espncdn.com/i/teamlogos/ncaa/500/2085.png"
"88","Butler","http://a.espncdn.com/i/teamlogos/ncaa/500/2086.png"
"89","BYU","http://a.espncdn.com/i/teamlogos/ncaa/500/252.png"
"90","California","http://a.espncdn.com/i/teamlogos/ncaa/500/25.png"
"91","California (PA)","http://a.espncdn.com/i/teamlogos/ncaa/500/2858.png"
"92","Cal Lutheran","http://a.espncdn.com/i/teamlogos/ncaa/500/2094.png"
"93","Cal Poly","http://a.espncdn.com/i/teamlogos/ncaa/500/13.png"
"94","Campbell","http://a.espncdn.com/i/teamlogos/ncaa/500/2097.png"
"95","Capital","http://a.espncdn.com/i/teamlogos/ncaa/500/424.png"
"96","Carleton","http://a.espncdn.com/i/teamlogos/ncaa/500/2101.png"
"97","Carnegie Mellon","http://a.espncdn.com/i/teamlogos/ncaa/500/2102.png"
"98","Carroll (WI)","http://a.espncdn.com/i/teamlogos/ncaa/500/32.png"
"99","Carson-Newman","http://a.espncdn.com/i/teamlogos/ncaa/500/2105.png"
"100","Carthage","http://a.espncdn.com/i/teamlogos/ncaa/500/2106.png"
"101","Case Western Reserve","http://a.espncdn.com/i/teamlogos/ncaa/500/2963.png"
"102","Castleton State College","http://a.espncdn.com/i/teamlogos/ncaa/500/293.png"
"103","Catawba","http://a.espncdn.com/i/teamlogos/ncaa/500/2107.png"
"104","Catholic University","http://a.espncdn.com/i/teamlogos/ncaa/500/2108.png"
"105","Central","http://a.espncdn.com/i/teamlogos/ncaa/500/2964.png"
"106","Central Arkansas","http://a.espncdn.com/i/teamlogos/ncaa/500/2110.png"
"107","Central Connecticut","http://a.espncdn.com/i/teamlogos/ncaa/500/2115.png"
"108","Central Methodist","http://a.espncdn.com/i/teamlogos/ncaa/500/2860.png"
"109","Central Michigan","http://a.espncdn.com/i/teamlogos/ncaa/500/2117.png"
"110","Central Missouri State","http://a.espncdn.com/i/teamlogos/ncaa/500/2118.png"
"111","Central Oklahoma","http://a.espncdn.com/i/teamlogos/ncaa/500/2122.png"
"112","Central State","http://a.espncdn.com/i/teamlogos/ncaa/500/2119.png"
"113","Central Washington","http://a.espncdn.com/i/teamlogos/ncaa/500/2120.png"
"114","Centre","http://a.espncdn.com/i/teamlogos/ncaa/500/2121.png"
"115","Chadron State","http://a.espncdn.com/i/teamlogos/ncaa/500/2123.png"
"116","Chapman","http://a.espncdn.com/i/teamlogos/ncaa/500/411.png"
"117","Charleston Southern","http://a.espncdn.com/i/teamlogos/ncaa/500/2127.png"
"118","Charleston (WV)","http://a.espncdn.com/i/teamlogos/ncaa/500/2128.png"
"119","Charlotte","http://a.espncdn.com/i/teamlogos/ncaa/500/2429.png"
"120","Chattanooga","http://a.espncdn.com/i/teamlogos/ncaa/500/236.png"
"121","Cheyney","http://a.espncdn.com/i/teamlogos/ncaa/500/2129.png"
"122","Chicago","http://a.espncdn.com/i/teamlogos/ncaa/500/80.png"
"123","Christopher Newport","http://a.espncdn.com/i/teamlogos/ncaa/500/3112.png"
"124","Cincinnati","http://a.espncdn.com/i/teamlogos/ncaa/500/2132.png"
"125","Claremont","http://a.espncdn.com/i/teamlogos/ncaa/500/17.png"
"126","Clarion","http://a.espncdn.com/i/teamlogos/ncaa/500/2134.png"
"127","Clark Atlanta","http://a.espncdn.com/i/teamlogos/ncaa/500/2805.png"
"128","Clemson","http://a.espncdn.com/i/teamlogos/ncaa/500/228.png"
"129","Coastal Carolina","http://a.espncdn.com/i/teamlogos/ncaa/500/324.png"
"130","Coast Guard","http://a.espncdn.com/i/teamlogos/ncaa/500/2557.png"
"131","Coe","http://a.espncdn.com/i/teamlogos/ncaa/500/2141.png"
"132","Colby","http://a.espncdn.com/i/teamlogos/ncaa/500/33.png"
"133","Colgate","http://a.espncdn.com/i/teamlogos/ncaa/500/2142.png"
"134","College of Faith","http://a.espncdn.com/i/teamlogos/ncaa/500/3211.png"
"135","College of Faith - Charlotte","http://a.espncdn.com/i/teamlogos/ncaa/500/3253.png"
"136","College of Idaho",""
"137","College of New Jersey","http://a.espncdn.com/i/teamlogos/ncaa/500/2442.png"
"138","Colorado","http://a.espncdn.com/i/teamlogos/ncaa/500/38.png"
"139","Colorado College","http://a.espncdn.com/i/teamlogos/ncaa/500/2144.png"
"140","Colorado Mesa","http://a.espncdn.com/i/teamlogos/ncaa/500/11.png"
"141","Colorado Mines","http://a.espncdn.com/i/teamlogos/ncaa/500/2146.png"
"142","Colorado State","http://a.espncdn.com/i/teamlogos/ncaa/500/36.png"
"143","Colorado State-Pueblo","http://a.espncdn.com/i/teamlogos/ncaa/500/2570.png"
"144","Columbia","http://a.espncdn.com/i/teamlogos/ncaa/500/171.png"
"145","Concord","http://a.espncdn.com/i/teamlogos/ncaa/500/2148.png"
"146","Concordia (AL)","http://a.espncdn.com/i/teamlogos/ncaa/500/3099.png"
"147","Concordia College (MI)","http://a.espncdn.com/i/teamlogos/ncaa/500/2985.png"
"148","Concordia (IL)","http://a.espncdn.com/i/teamlogos/ncaa/500/2151.png"
"149","Concordia (MN)","http://a.espncdn.com/i/teamlogos/ncaa/500/2152.png"
"150","Concordia-St. Paul","http://a.espncdn.com/i/teamlogos/ncaa/500/3066.png"
"151","Concordia (WI)","http://a.espncdn.com/i/teamlogos/ncaa/500/409.png"
"152","Connecticut","http://a.espncdn.com/i/teamlogos/ncaa/500/41.png"
"153","Cornell","http://a.espncdn.com/i/teamlogos/ncaa/500/172.png"
"154","Cornell College (IA)","http://a.espncdn.com/i/teamlogos/ncaa/500/2155.png"
"155","Crown College","http://a.espncdn.com/i/teamlogos/ncaa/500/509.png"
"156","Culver-Stockton","http://a.espncdn.com/i/teamlogos/ncaa/500/510.png"
"157","Cumberland","http://a.espncdn.com/i/teamlogos/ncaa/500/2161.png"
"158","Cumberland College","http://a.espncdn.com/i/teamlogos/ncaa/500/511.png"
"159","Curry","http://a.espncdn.com/i/teamlogos/ncaa/500/40.png"
"160","Dakota State","http://a.espncdn.com/i/teamlogos/ncaa/500/512.png"
"161","Dakota Wesleyan","http://a.espncdn.com/i/teamlogos/ncaa/500/513.png"
"162","Dartmouth","http://a.espncdn.com/i/teamlogos/ncaa/500/159.png"
"163","Davidson","http://a.espncdn.com/i/teamlogos/ncaa/500/2166.png"
"164","Dayton","http://a.espncdn.com/i/teamlogos/ncaa/500/2168.png"
"165","Defiance","http://a.espncdn.com/i/teamlogos/ncaa/500/190.png"
"166","Delaware","http://a.espncdn.com/i/teamlogos/ncaa/500/48.png"
"167","Delaware State","http://a.espncdn.com/i/teamlogos/ncaa/500/2169.png"
"168","Delaware Valley","http://a.espncdn.com/i/teamlogos/ncaa/500/2808.png"
"169","Delta State","http://a.espncdn.com/i/teamlogos/ncaa/500/2170.png"
"170","Denison","http://a.espncdn.com/i/teamlogos/ncaa/500/2171.png"
"171","DePauw","http://a.espncdn.com/i/teamlogos/ncaa/500/83.png"
"172","Dickinson","http://a.espncdn.com/i/teamlogos/ncaa/500/2175.png"
"173","Dickinson State","http://a.espncdn.com/i/teamlogos/ncaa/500/316.png"
"174","Drake","http://a.espncdn.com/i/teamlogos/ncaa/500/2181.png"
"175","Dubuque","http://a.espncdn.com/i/teamlogos/ncaa/500/49.png"
"176","Duke","http://a.espncdn.com/i/teamlogos/ncaa/500/150.png"
"177","Duquesne","http://a.espncdn.com/i/teamlogos/ncaa/500/2184.png"
"178","Earlham","http://a.espncdn.com/i/teamlogos/ncaa/500/2189.png"
"179","East Carolina","http://a.espncdn.com/i/teamlogos/ncaa/500/151.png"
"180","East Central","http://a.espncdn.com/i/teamlogos/ncaa/500/2191.png"
"181","Eastern Illinois","http://a.espncdn.com/i/teamlogos/ncaa/500/2197.png"
"182","Eastern Kentucky","http://a.espncdn.com/i/teamlogos/ncaa/500/2198.png"
"183","Eastern Michigan","http://a.espncdn.com/i/teamlogos/ncaa/500/2199.png"
"184","Eastern New Mexico","http://a.espncdn.com/i/teamlogos/ncaa/500/2201.png"
"185","Eastern Oregon","http://a.espncdn.com/i/teamlogos/ncaa/500/2202.png"
"186","Eastern Washington","http://a.espncdn.com/i/teamlogos/ncaa/500/331.png"
"187","East Stroudsburg","http://a.espncdn.com/i/teamlogos/ncaa/500/2188.png"
"188","East Tennessee State","http://a.espncdn.com/i/teamlogos/ncaa/500/2193.png"
"189","East Texas Baptist","http://a.espncdn.com/i/teamlogos/ncaa/500/2194.png"
"190","Edinboro","http://a.espncdn.com/i/teamlogos/ncaa/500/2205.png"
"191","Elizabeth City State","http://a.espncdn.com/i/teamlogos/ncaa/500/2207.png"
"192","Elmhurst","http://a.espncdn.com/i/teamlogos/ncaa/500/72.png"
"193","Elon","http://a.espncdn.com/i/teamlogos/ncaa/500/2210.png"
"194","Emory & Henry","http://a.espncdn.com/i/teamlogos/ncaa/500/2213.png"
"195","Emporia State","http://a.espncdn.com/i/teamlogos/ncaa/500/2214.png"
"196","Endicott College","http://a.espncdn.com/i/teamlogos/ncaa/500/452.png"
"197","Erie Community College","http://a.espncdn.com/i/teamlogos/ncaa/500/3236.png"
"198","Eureka College","http://a.espncdn.com/i/teamlogos/ncaa/500/101.png"
"199","Evangel","http://a.espncdn.com/i/teamlogos/ncaa/500/2865.png"
"200","Fairmont State","http://a.espncdn.com/i/teamlogos/ncaa/500/2986.png"
"201","Faulkner","http://a.espncdn.com/i/teamlogos/ncaa/500/2219.png"
"202","Fayetteville State","http://a.espncdn.com/i/teamlogos/ncaa/500/2220.png"
"203","FDU-Florham","http://a.espncdn.com/i/teamlogos/ncaa/500/2221.png"
"204","Ferris State","http://a.espncdn.com/i/teamlogos/ncaa/500/2222.png"
"205","Ferrum","http://a.espncdn.com/i/teamlogos/ncaa/500/366.png"
"206","Findlay","http://a.espncdn.com/i/teamlogos/ncaa/500/2224.png"
"207","Fitchburg State","http://a.espncdn.com/i/teamlogos/ncaa/500/114.png"
"208","Florida","http://a.espncdn.com/i/teamlogos/ncaa/500/57.png"
"209","Florida A&M","http://a.espncdn.com/i/teamlogos/ncaa/500/50.png"
"210","Florida Atlantic","http://a.espncdn.com/i/teamlogos/ncaa/500/2226.png"
"211","Florida International","http://a.espncdn.com/i/teamlogos/ncaa/500/2229.png"
"212","Florida State","http://a.espncdn.com/i/teamlogos/ncaa/500/52.png"
"213","Florida Tech","http://a.espncdn.com/i/teamlogos/ncaa/500/53.png"
"214","Fordham","http://a.espncdn.com/i/teamlogos/ncaa/500/2230.png"
"215","Fort Hays State","http://a.espncdn.com/i/teamlogos/ncaa/500/2231.png"
"216","Fort Lewis","http://a.espncdn.com/i/teamlogos/ncaa/500/2237.png"
"217","Fort Valley State","http://a.espncdn.com/i/teamlogos/ncaa/500/2232.png"
"218","Framingham State","http://a.espncdn.com/i/teamlogos/ncaa/500/2967.png"
"219","Franklin","http://a.espncdn.com/i/teamlogos/ncaa/500/2233.png"
"220","Franklin & Marshall","http://a.espncdn.com/i/teamlogos/ncaa/500/2234.png"
"221","Fresno State","http://a.espncdn.com/i/teamlogos/ncaa/500/278.png"
"222","Frostburg State","http://a.espncdn.com/i/teamlogos/ncaa/500/341.png"
"223","Furman","http://a.espncdn.com/i/teamlogos/ncaa/500/231.png"
"224","Gallaudet","http://a.espncdn.com/i/teamlogos/ncaa/500/417.png"
"225","Gannon","http://a.espncdn.com/i/teamlogos/ncaa/500/367.png"
"226","Gardner-Webb","http://a.espncdn.com/i/teamlogos/ncaa/500/2241.png"
"227","Geneva College","http://a.espncdn.com/i/teamlogos/ncaa/500/2242.png"
"228","George Fox University","http://a.espncdn.com/i/teamlogos/ncaa/500/415.png"
"229","George Mason","http://a.espncdn.com/i/teamlogos/ncaa/500/2244.png"
"230","Georgetown","http://a.espncdn.com/i/teamlogos/ncaa/500/46.png"
"231","Georgia","http://a.espncdn.com/i/teamlogos/ncaa/500/61.png"
"232","Georgia Southern","http://a.espncdn.com/i/teamlogos/ncaa/500/290.png"
"233","Georgia State","http://a.espncdn.com/i/teamlogos/ncaa/500/2247.png"
"234","Georgia Tech","http://a.espncdn.com/i/teamlogos/ncaa/500/59.png"
"235","Gettysburg","http://a.espncdn.com/i/teamlogos/ncaa/500/2248.png"
"236","Glenville State","http://a.espncdn.com/i/teamlogos/ncaa/500/2249.png"
"237","Graceland University","http://a.espncdn.com/i/teamlogos/ncaa/500/530.png"
"238","Grambling","http://a.espncdn.com/i/teamlogos/ncaa/500/2755.png"
"239","Grand Valley State","http://a.espncdn.com/i/teamlogos/ncaa/500/125.png"
"240","Greensboro","http://a.espncdn.com/i/teamlogos/ncaa/500/2256.png"
"241","Greenville","http://a.espncdn.com/i/teamlogos/ncaa/500/2257.png"
"242","Grinnell","http://a.espncdn.com/i/teamlogos/ncaa/500/65.png"
"243","Grove City College","http://a.espncdn.com/i/teamlogos/ncaa/500/146.png"
"244","Guilford","http://a.espncdn.com/i/teamlogos/ncaa/500/2258.png"
"245","Gustavus Adolphus","http://a.espncdn.com/i/teamlogos/ncaa/500/2968.png"
"246","Hamilton","http://a.espncdn.com/i/teamlogos/ncaa/500/348.png"
"247","Hamline","http://a.espncdn.com/i/teamlogos/ncaa/500/162.png"
"248","Hampden-Sydney","http://a.espncdn.com/i/teamlogos/ncaa/500/297.png"
"249","Hampton","http://a.espncdn.com/i/teamlogos/ncaa/500/2261.png"
"250","Hanover","http://a.espncdn.com/i/teamlogos/ncaa/500/2262.png"
"251","Harding","http://a.espncdn.com/i/teamlogos/ncaa/500/2264.png"
"252","Hardin-Simmons","http://a.espncdn.com/i/teamlogos/ncaa/500/2810.png"
"253","Hartwick","http://a.espncdn.com/i/teamlogos/ncaa/500/173.png"
"254","Harvard","http://a.espncdn.com/i/teamlogos/ncaa/500/108.png"
"255","Haskell Indian Nations","http://a.espncdn.com/i/teamlogos/ncaa/500/535.png"
"256","Hawai'i","http://a.espncdn.com/i/teamlogos/ncaa/500/62.png"
"257","Heidelberg","http://a.espncdn.com/i/teamlogos/ncaa/500/191.png"
"258","Henderson State","http://a.espncdn.com/i/teamlogos/ncaa/500/2271.png"
"259","Hendrix College","http://a.espncdn.com/i/teamlogos/ncaa/500/418.png"
"260","Hillsdale","http://a.espncdn.com/i/teamlogos/ncaa/500/2273.png"
"261","Hiram","http://a.espncdn.com/i/teamlogos/ncaa/500/2274.png"
"262","Hobart","http://a.espncdn.com/i/teamlogos/ncaa/500/174.png"
"263","Holland College",""
"264","Holy Cross","http://a.espncdn.com/i/teamlogos/ncaa/500/107.png"
"265","Hope","http://a.espncdn.com/i/teamlogos/ncaa/500/2812.png"
"266","Houston","http://a.espncdn.com/i/teamlogos/ncaa/500/248.png"
"267","Houston Baptist","http://a.espncdn.com/i/teamlogos/ncaa/500/2277.png"
"268","Howard","http://a.espncdn.com/i/teamlogos/ncaa/500/47.png"
"269","Howard Payne","http://a.espncdn.com/i/teamlogos/ncaa/500/2758.png"
"270","Humboldt State","http://a.espncdn.com/i/teamlogos/ncaa/500/2278.png"
"271","Huntingdon","http://a.espncdn.com/i/teamlogos/ncaa/500/2938.png"
"272","Husson","http://a.espncdn.com/i/teamlogos/ncaa/500/2280.png"
"273","Idaho","http://a.espncdn.com/i/teamlogos/ncaa/500/70.png"
"274","Idaho State","http://a.espncdn.com/i/teamlogos/ncaa/500/304.png"
"275","Illinois","http://a.espncdn.com/i/teamlogos/ncaa/500/356.png"
"276","Illinois College","http://a.espncdn.com/i/teamlogos/ncaa/500/2286.png"
"277","Illinois State","http://a.espncdn.com/i/teamlogos/ncaa/500/2287.png"
"278","Illinois Wesleyan","http://a.espncdn.com/i/teamlogos/ncaa/500/306.png"
"279","Incarnate Word","http://a.espncdn.com/i/teamlogos/ncaa/500/2916.png"
"280","Indiana","http://a.espncdn.com/i/teamlogos/ncaa/500/84.png"
"281","Indiana (PA)","http://a.espncdn.com/i/teamlogos/ncaa/500/2291.png"
"282","Indianapolis","http://a.espncdn.com/i/teamlogos/ncaa/500/2292.png"
"283","Indiana State","http://a.espncdn.com/i/teamlogos/ncaa/500/282.png"
"284","Iowa","http://a.espncdn.com/i/teamlogos/ncaa/500/2294.png"
"285","Iowa State","http://a.espncdn.com/i/teamlogos/ncaa/500/66.png"
"286","Iowa Wesleyan","http://a.espncdn.com/i/teamlogos/ncaa/500/2295.png"
"287","Ithaca","http://a.espncdn.com/i/teamlogos/ncaa/500/175.png"
"288","Jackson State","http://a.espncdn.com/i/teamlogos/ncaa/500/2296.png"
"289","Jacksonville","http://a.espncdn.com/i/teamlogos/ncaa/500/294.png"
"290","Jacksonville State","http://a.espncdn.com/i/teamlogos/ncaa/500/55.png"
"291","James Madison","http://a.espncdn.com/i/teamlogos/ncaa/500/256.png"
"292","Jamestown","http://a.espncdn.com/i/teamlogos/ncaa/500/2939.png"
"293","John Carroll","http://a.espncdn.com/i/teamlogos/ncaa/500/2302.png"
"294","Johns Hopkins","http://a.espncdn.com/i/teamlogos/ncaa/500/118.png"
"295","Johnson C Smith","http://a.espncdn.com/i/teamlogos/ncaa/500/2304.png"
"296","Juniata","http://a.espncdn.com/i/teamlogos/ncaa/500/246.png"
"297","Kalamazoo","http://a.espncdn.com/i/teamlogos/ncaa/500/126.png"
"298","Kansas","http://a.espncdn.com/i/teamlogos/ncaa/500/2305.png"
"299","Kansas State","http://a.espncdn.com/i/teamlogos/ncaa/500/2306.png"
"300","Kansas Wesleyan University","http://a.espncdn.com/i/teamlogos/ncaa/500/547.png"
"301","Kennesaw State","http://a.espncdn.com/i/teamlogos/ncaa/500/338.png"
"302","Kent State","http://a.espncdn.com/i/teamlogos/ncaa/500/2309.png"
"303","Kentucky","http://a.espncdn.com/i/teamlogos/ncaa/500/96.png"
"304","Kentucky State","http://a.espncdn.com/i/teamlogos/ncaa/500/2310.png"
"305","Kentucky Wesleyan","http://a.espncdn.com/i/teamlogos/ncaa/500/2316.png"
"306","Kenyon","http://a.espncdn.com/i/teamlogos/ncaa/500/352.png"
"307","King's College (PA)","http://a.espncdn.com/i/teamlogos/ncaa/500/247.png"
"308","Kutztown","http://a.espncdn.com/i/teamlogos/ncaa/500/2315.png"
"309","Lafayette","http://a.espncdn.com/i/teamlogos/ncaa/500/322.png"
"310","LaGrange College","http://a.espncdn.com/i/teamlogos/ncaa/500/548.png"
"311","Lake Erie College","http://a.espncdn.com/i/teamlogos/ncaa/500/437.png"
"312","Lake Forest","http://a.espncdn.com/i/teamlogos/ncaa/500/262.png"
"313","Lamar","http://a.espncdn.com/i/teamlogos/ncaa/500/2320.png"
"314","Lambuth","http://a.espncdn.com/i/teamlogos/ncaa/500/2321.png"
"315","Langston","http://a.espncdn.com/i/teamlogos/ncaa/500/2324.png"
"316","La Verne","http://a.espncdn.com/i/teamlogos/ncaa/500/2318.png"
"317","Lawrence","http://a.espncdn.com/i/teamlogos/ncaa/500/268.png"
"318","Lebanon Valley","http://a.espncdn.com/i/teamlogos/ncaa/500/388.png"
"319","Lehigh","http://a.espncdn.com/i/teamlogos/ncaa/500/2329.png"
"320","Lenoir-Rhyne","http://a.espncdn.com/i/teamlogos/ncaa/500/2331.png"
"321","Lewis & Clark","http://a.espncdn.com/i/teamlogos/ncaa/500/2333.png"
"322","Liberty","http://a.espncdn.com/i/teamlogos/ncaa/500/2335.png"
"323","Limestone","http://a.espncdn.com/i/teamlogos/ncaa/500/2336.png"
"324","Lincoln (MO)","http://a.espncdn.com/i/teamlogos/ncaa/500/2876.png"
"325","Lincoln (PA)","http://a.espncdn.com/i/teamlogos/ncaa/500/2339.png"
"326","Lindenwood","http://a.espncdn.com/i/teamlogos/ncaa/500/2815.png"
"327","Lindenwood Belleville","http://a.espncdn.com/i/teamlogos/ncaa/500/3209.png"
"328","Lindsey Wilson","http://a.espncdn.com/i/teamlogos/ncaa/500/2877.png"
"329","Linfield","http://a.espncdn.com/i/teamlogos/ncaa/500/203.png"
"330","LIU Post","http://a.espncdn.com/i/teamlogos/ncaa/500/2089.png"
"331","Livingstone","http://a.espncdn.com/i/teamlogos/ncaa/500/2940.png"
"332","Lock Haven","http://a.espncdn.com/i/teamlogos/ncaa/500/209.png"
"333","Louisiana","http://a.espncdn.com/i/teamlogos/ncaa/500/309.png"
"334","Louisiana College","http://a.espncdn.com/i/teamlogos/ncaa/500/2347.png"
"335","Louisiana Monroe","http://a.espncdn.com/i/teamlogos/ncaa/500/2433.png"
"336","Louisiana Tech","http://a.espncdn.com/i/teamlogos/ncaa/500/2348.png"
"337","Louisville","http://a.espncdn.com/i/teamlogos/ncaa/500/97.png"
"338","LSU","http://a.espncdn.com/i/teamlogos/ncaa/500/99.png"
"339","Luther","http://a.espncdn.com/i/teamlogos/ncaa/500/67.png"
"340","Lycoming","http://a.espncdn.com/i/teamlogos/ncaa/500/2354.png"
"341","Macalester","http://a.espncdn.com/i/teamlogos/ncaa/500/2359.png"
"342","MacMurray College","http://a.espncdn.com/i/teamlogos/ncaa/500/273.png"
"343","Maine","http://a.espncdn.com/i/teamlogos/ncaa/500/311.png"
"344","Maine Maritime","http://a.espncdn.com/i/teamlogos/ncaa/500/274.png"
"345","Malone","http://a.espncdn.com/i/teamlogos/ncaa/500/556.png"
"346","Manchester","http://a.espncdn.com/i/teamlogos/ncaa/500/2362.png"
"347","Manitoba","http://a.espncdn.com/i/teamlogos/ncaa/500/2770.png"
"348","Mansfield","http://a.espncdn.com/i/teamlogos/ncaa/500/2365.png"
"349","Maranatha Baptist College","http://a.espncdn.com/i/teamlogos/ncaa/500/421.png"
"350","Marian","http://a.espncdn.com/i/teamlogos/ncaa/500/2366.png"
"351","Marietta","http://a.espncdn.com/i/teamlogos/ncaa/500/317.png"
"352","Marist","http://a.espncdn.com/i/teamlogos/ncaa/500/2368.png"
"353","Marshall","http://a.espncdn.com/i/teamlogos/ncaa/500/276.png"
"354","Mars Hill","http://a.espncdn.com/i/teamlogos/ncaa/500/2369.png"
"355","Martin Luther College","http://a.espncdn.com/i/teamlogos/ncaa/500/446.png"
"356","Mary Hardin-Baylor","http://a.espncdn.com/i/teamlogos/ncaa/500/2371.png"
"357","Maryland","http://a.espncdn.com/i/teamlogos/ncaa/500/120.png"
"358","Maryville TN","http://a.espncdn.com/i/teamlogos/ncaa/500/2373.png"
"359","Mass Maritime","http://a.espncdn.com/i/teamlogos/ncaa/500/110.png"
"360","Mayville State","http://a.espncdn.com/i/teamlogos/ncaa/500/561.png"
"361","McDaniel College","http://a.espncdn.com/i/teamlogos/ncaa/500/2700.png"
"362","McMurry","http://a.espncdn.com/i/teamlogos/ncaa/500/241.png"
"363","McNeese","http://a.espncdn.com/i/teamlogos/ncaa/500/2377.png"
"364","Memphis","http://a.espncdn.com/i/teamlogos/ncaa/500/235.png"
"365","Menlo","http://a.espncdn.com/i/teamlogos/ncaa/500/2381.png"
"366","Mercer","http://a.espncdn.com/i/teamlogos/ncaa/500/2382.png"
"367","Merchant Marine","http://a.espncdn.com/i/teamlogos/ncaa/500/2383.png"
"368","Mercyhurst","http://a.espncdn.com/i/teamlogos/ncaa/500/2385.png"
"369","Merrimack","http://a.espncdn.com/i/teamlogos/ncaa/500/2771.png"
"370","Methodist","http://a.espncdn.com/i/teamlogos/ncaa/500/291.png"
"371","Miami","http://a.espncdn.com/i/teamlogos/ncaa/500/2390.png"
"372","Miami (OH)","http://a.espncdn.com/i/teamlogos/ncaa/500/193.png"
"373","Michigan","http://a.espncdn.com/i/teamlogos/ncaa/500/130.png"
"374","Michigan State","http://a.espncdn.com/i/teamlogos/ncaa/500/127.png"
"375","Michigan Tech","http://a.espncdn.com/i/teamlogos/ncaa/500/2392.png"
"376","Middlebury","http://a.espncdn.com/i/teamlogos/ncaa/500/2394.png"
"377","Middle Tennessee","http://a.espncdn.com/i/teamlogos/ncaa/500/2393.png"
"378","Midland University","http://a.espncdn.com/i/teamlogos/ncaa/500/565.png"
"379","Midwestern State","http://a.espncdn.com/i/teamlogos/ncaa/500/2395.png"
"380","Miles","http://a.espncdn.com/i/teamlogos/ncaa/500/2396.png"
"381","Millersville","http://a.espncdn.com/i/teamlogos/ncaa/500/210.png"
"382","Millikin","http://a.espncdn.com/i/teamlogos/ncaa/500/74.png"
"383","Millsaps","http://a.espncdn.com/i/teamlogos/ncaa/500/2398.png"
"384","Minnesota","http://a.espncdn.com/i/teamlogos/ncaa/500/135.png"
"385","Minnesota-Crookston","http://a.espncdn.com/i/teamlogos/ncaa/500/2772.png"
"386","Minnesota-Duluth","http://a.espncdn.com/i/teamlogos/ncaa/500/134.png"
"387","Minnesota-Morris","http://a.espncdn.com/i/teamlogos/ncaa/500/2399.png"
"388","Minnesota State","http://a.espncdn.com/i/teamlogos/ncaa/500/2364.png"
"389","Minnesota St-Moorhead","http://a.espncdn.com/i/teamlogos/ncaa/500/2817.png"
"390","Minot State","http://a.espncdn.com/i/teamlogos/ncaa/500/568.png"
"391","Misericordia","http://a.espncdn.com/i/teamlogos/ncaa/500/2969.png"
"392","Mississippi College","http://a.espncdn.com/i/teamlogos/ncaa/500/2401.png"
"393","Mississippi State","http://a.espncdn.com/i/teamlogos/ncaa/500/344.png"
"394","Mississippi Valley State","http://a.espncdn.com/i/teamlogos/ncaa/500/2400.png"
"395","Missouri","http://a.espncdn.com/i/teamlogos/ncaa/500/142.png"
"396","Missouri Baptist","http://a.espncdn.com/i/teamlogos/ncaa/500/2880.png"
"397","Missouri Southern State","http://a.espncdn.com/i/teamlogos/ncaa/500/2403.png"
"398","Missouri S&T","http://a.espncdn.com/i/teamlogos/ncaa/500/2402.png"
"399","Missouri State","http://a.espncdn.com/i/teamlogos/ncaa/500/2623.png"
"400","Missouri Western","http://a.espncdn.com/i/teamlogos/ncaa/500/137.png"
"401","Monmouth","http://a.espncdn.com/i/teamlogos/ncaa/500/2405.png"
"402","Monmouth (IL)","http://a.espncdn.com/i/teamlogos/ncaa/500/2919.png"
"403","Montana","http://a.espncdn.com/i/teamlogos/ncaa/500/149.png"
"404","Montana State","http://a.espncdn.com/i/teamlogos/ncaa/500/147.png"
"405","Montana-Western","http://a.espncdn.com/i/teamlogos/ncaa/500/2701.png"
"406","Montclair State","http://a.espncdn.com/i/teamlogos/ncaa/500/2818.png"
"407","Monterrey Tech","http://a.espncdn.com/i/teamlogos/ncaa/500/3100.png"
"408","Moravian","http://a.espncdn.com/i/teamlogos/ncaa/500/323.png"
"409","Morehead State","http://a.espncdn.com/i/teamlogos/ncaa/500/2413.png"
"410","Morehouse","http://a.espncdn.com/i/teamlogos/ncaa/500/60.png"
"411","Morgan State","http://a.espncdn.com/i/teamlogos/ncaa/500/2415.png"
"412","Morningside","http://a.espncdn.com/i/teamlogos/ncaa/500/2416.png"
"413","Morrisville State","http://a.espncdn.com/i/teamlogos/ncaa/500/3110.png"
"414","Mount Ida College","http://a.espncdn.com/i/teamlogos/ncaa/500/481.png"
"415","Mount St. Joseph","http://a.espncdn.com/i/teamlogos/ncaa/500/2419.png"
"416","Mount Union","http://a.espncdn.com/i/teamlogos/ncaa/500/426.png"
"417","Muhlenberg","http://a.espncdn.com/i/teamlogos/ncaa/500/2422.png"
"418","Murray State","http://a.espncdn.com/i/teamlogos/ncaa/500/93.png"
"419","Muskingum","http://a.espncdn.com/i/teamlogos/ncaa/500/332.png"
"420","Navy","http://a.espncdn.com/i/teamlogos/ncaa/500/2426.png"
"421","NC State","http://a.espncdn.com/i/teamlogos/ncaa/500/152.png"
"422","NC Wesleyan","http://a.espncdn.com/i/teamlogos/ncaa/500/286.png"
"423","Nebraska","http://a.espncdn.com/i/teamlogos/ncaa/500/158.png"
"424","Nebraska-Kearney","http://a.espncdn.com/i/teamlogos/ncaa/500/2438.png"
"425","Nebraska-Omaha","http://a.espncdn.com/i/teamlogos/ncaa/500/2437.png"
"426","Nevada","http://a.espncdn.com/i/teamlogos/ncaa/500/2440.png"
"427","Newberry","http://a.espncdn.com/i/teamlogos/ncaa/500/2444.png"
"428","New Hampshire","http://a.espncdn.com/i/teamlogos/ncaa/500/160.png"
"429","New Haven","http://a.espncdn.com/i/teamlogos/ncaa/500/2441.png"
"430","New Mexico","http://a.espncdn.com/i/teamlogos/ncaa/500/167.png"
"431","New Mexico Highlands","http://a.espncdn.com/i/teamlogos/ncaa/500/2424.png"
"432","New Mexico State","http://a.espncdn.com/i/teamlogos/ncaa/500/166.png"
"433","Nicholls","http://a.espncdn.com/i/teamlogos/ncaa/500/2447.png"
"434","Nichols","http://a.espncdn.com/i/teamlogos/ncaa/500/2884.png"
"435","Norfolk State","http://a.espncdn.com/i/teamlogos/ncaa/500/2450.png"
"436","North Alabama","http://a.espncdn.com/i/teamlogos/ncaa/500/2453.png"
"437","North Carolina","http://a.espncdn.com/i/teamlogos/ncaa/500/153.png"
"438","North Carolina A&T","http://a.espncdn.com/i/teamlogos/ncaa/500/2448.png"
"439","North Carolina Central","http://a.espncdn.com/i/teamlogos/ncaa/500/2428.png"
"440","North Central","http://a.espncdn.com/i/teamlogos/ncaa/500/3071.png"
"441","North Dakota","http://a.espncdn.com/i/teamlogos/ncaa/500/155.png"
"442","North Dakota State","http://a.espncdn.com/i/teamlogos/ncaa/500/2449.png"
"443","Northeastern State","http://a.espncdn.com/i/teamlogos/ncaa/500/196.png"
"444","Northern Arizona","http://a.espncdn.com/i/teamlogos/ncaa/500/2464.png"
"445","Northern Colorado","http://a.espncdn.com/i/teamlogos/ncaa/500/2458.png"
"446","Northern Illinois","http://a.espncdn.com/i/teamlogos/ncaa/500/2459.png"
"447","Northern Iowa","http://a.espncdn.com/i/teamlogos/ncaa/500/2460.png"
"448","Northern Michigan","http://a.espncdn.com/i/teamlogos/ncaa/500/128.png"
"449","Northern State","http://a.espncdn.com/i/teamlogos/ncaa/500/425.png"
"450","North Greenville","http://a.espncdn.com/i/teamlogos/ncaa/500/2822.png"
"451","North Park","http://a.espncdn.com/i/teamlogos/ncaa/500/75.png"
"452","North Texas","http://a.espncdn.com/i/teamlogos/ncaa/500/249.png"
"453","Northwestern","http://a.espncdn.com/i/teamlogos/ncaa/500/77.png"
"454","Northwestern (MN)","http://a.espncdn.com/i/teamlogos/ncaa/500/583.png"
"455","Northwestern Oklahoma State","http://a.espncdn.com/i/teamlogos/ncaa/500/2823.png"
"456","Northwestern State","http://a.espncdn.com/i/teamlogos/ncaa/500/2466.png"
"457","Northwest Missouri State","http://a.espncdn.com/i/teamlogos/ncaa/500/138.png"
"458","Northwood (MI)","http://a.espncdn.com/i/teamlogos/ncaa/500/2886.png"
"459","Norwich","http://a.espncdn.com/i/teamlogos/ncaa/500/2467.png"
"460","Notre Dame","http://a.espncdn.com/i/teamlogos/ncaa/500/87.png"
"461","Notre Dame College","http://a.espncdn.com/i/teamlogos/ncaa/500/587.png"
"462","Oberlin","http://a.espncdn.com/i/teamlogos/ncaa/500/391.png"
"463","Occidental","http://a.espncdn.com/i/teamlogos/ncaa/500/2475.png"
"464","Ohio","http://a.espncdn.com/i/teamlogos/ncaa/500/195.png"
"465","Ohio Dominican",""
"466","Ohio Midwestern College",""
"467","Ohio Northern","http://a.espncdn.com/i/teamlogos/ncaa/500/427.png"
"468","Ohio State","http://a.espncdn.com/i/teamlogos/ncaa/500/194.png"
"469","Ohio State Newark","http://a.espncdn.com/i/teamlogos/ncaa/500/3161.png"
"470","Ohio Wesleyan","http://a.espncdn.com/i/teamlogos/ncaa/500/2980.png"
"471","Oklahoma","http://a.espncdn.com/i/teamlogos/ncaa/500/201.png"
"472","Oklahoma Baptist","http://a.espncdn.com/i/teamlogos/ncaa/500/319.png"
"473","Oklahoma State","http://a.espncdn.com/i/teamlogos/ncaa/500/197.png"
"474","OK Panhandle St","http://a.espncdn.com/i/teamlogos/ncaa/500/2824.png"
"475","Old Dominion","http://a.espncdn.com/i/teamlogos/ncaa/500/295.png"
"476","Ole Miss","http://a.espncdn.com/i/teamlogos/ncaa/500/145.png"
"477","Olivet College","http://a.espncdn.com/i/teamlogos/ncaa/500/354.png"
"478","Oregon","http://a.espncdn.com/i/teamlogos/ncaa/500/2483.png"
"479","Oregon State","http://a.espncdn.com/i/teamlogos/ncaa/500/204.png"
"480","Otterbein","http://a.espncdn.com/i/teamlogos/ncaa/500/359.png"
"481","Ouachita Baptist","http://a.espncdn.com/i/teamlogos/ncaa/500/2888.png"
"482","Pace","http://a.espncdn.com/i/teamlogos/ncaa/500/2487.png"
"483","Pacific Lutheran","http://a.espncdn.com/i/teamlogos/ncaa/500/2486.png"
"484","Pacific (OR)","http://a.espncdn.com/i/teamlogos/ncaa/500/205.png"
"485","Penn State","http://a.espncdn.com/i/teamlogos/ncaa/500/213.png"
"486","Pennsylvania","http://a.espncdn.com/i/teamlogos/ncaa/500/219.png"
"487","Pikeville","http://a.espncdn.com/i/teamlogos/ncaa/500/95.png"
"488","Pittsburgh","http://a.espncdn.com/i/teamlogos/ncaa/500/221.png"
"489","Pittsburg State","http://a.espncdn.com/i/teamlogos/ncaa/500/90.png"
"490","Plymouth State","http://a.espncdn.com/i/teamlogos/ncaa/500/2972.png"
"491","Point University","http://a.espncdn.com/i/teamlogos/ncaa/500/3179.png"
"492","Pomona-Pitzer","http://a.espncdn.com/i/teamlogos/ncaa/500/2923.png"
"493","Portland State","http://a.espncdn.com/i/teamlogos/ncaa/500/2502.png"
"494","Prairie View","http://a.espncdn.com/i/teamlogos/ncaa/500/2504.png"
"495","Presbyterian College","http://a.espncdn.com/i/teamlogos/ncaa/500/2506.png"
"496","Presentation College","http://a.espncdn.com/i/teamlogos/ncaa/500/597.png"
"497","Princeton","http://a.espncdn.com/i/teamlogos/ncaa/500/163.png"
"498","Principia College","http://a.espncdn.com/i/teamlogos/ncaa/500/363.png"
"499","Puget Sound","http://a.espncdn.com/i/teamlogos/ncaa/500/2508.png"
"500","Purdue","http://a.espncdn.com/i/teamlogos/ncaa/500/2509.png"
"501","Quincy","http://a.espncdn.com/i/teamlogos/ncaa/500/2825.png"
"502","Randolph-Macon","http://a.espncdn.com/i/teamlogos/ncaa/500/2516.png"
"503","Redlands","http://a.espncdn.com/i/teamlogos/ncaa/500/29.png"
"504","Reinhardt","http://a.espncdn.com/i/teamlogos/ncaa/500/2890.png"
"505","Rensselaer","http://a.espncdn.com/i/teamlogos/ncaa/500/2528.png"
"506","Rhode Island","http://a.espncdn.com/i/teamlogos/ncaa/500/227.png"
"507","Rhodes","http://a.espncdn.com/i/teamlogos/ncaa/500/2519.png"
"508","Rice","http://a.espncdn.com/i/teamlogos/ncaa/500/242.png"
"509","Richmond","http://a.espncdn.com/i/teamlogos/ncaa/500/257.png"
"510","Ripon","http://a.espncdn.com/i/teamlogos/ncaa/500/2891.png"
"511","Robert Morris","http://a.espncdn.com/i/teamlogos/ncaa/500/2523.png"
"512","Robert Morris (IL)","http://a.espncdn.com/i/teamlogos/ncaa/500/599.png"
"513","Rochester","http://a.espncdn.com/i/teamlogos/ncaa/500/184.png"
"514","Rockford","http://a.espncdn.com/i/teamlogos/ncaa/500/2524.png"
"515","Rose-Hulman","http://a.espncdn.com/i/teamlogos/ncaa/500/86.png"
"516","Rowan","http://a.espncdn.com/i/teamlogos/ncaa/500/2827.png"
"517","Rutgers","http://a.espncdn.com/i/teamlogos/ncaa/500/164.png"
"518","Sacramento State","http://a.espncdn.com/i/teamlogos/ncaa/500/16.png"
"519","Sacred Heart","http://a.espncdn.com/i/teamlogos/ncaa/500/2529.png"
"520","Saginaw Valley","http://a.espncdn.com/i/teamlogos/ncaa/500/129.png"
"521","Salisbury","http://a.espncdn.com/i/teamlogos/ncaa/500/2532.png"
"522","Salve Regina","http://a.espncdn.com/i/teamlogos/ncaa/500/2776.png"
"523","Samford","http://a.espncdn.com/i/teamlogos/ncaa/500/2535.png"
"524","Sam Houston State","http://a.espncdn.com/i/teamlogos/ncaa/500/2534.png"
"525","San Diego","http://a.espncdn.com/i/teamlogos/ncaa/500/301.png"
"526","San Diego State","http://a.espncdn.com/i/teamlogos/ncaa/500/21.png"
"527","San Jos√© State","http://a.espncdn.com/i/teamlogos/ncaa/500/23.png"
"528","Savannah State","http://a.espncdn.com/i/teamlogos/ncaa/500/2542.png"
"529","Seton Hill College","http://a.espncdn.com/i/teamlogos/ncaa/500/611.png"
"530","Sewanee Univ. of the South","http://a.espncdn.com/i/teamlogos/ncaa/500/2553.png"
"531","Shaw","http://a.espncdn.com/i/teamlogos/ncaa/500/2551.png"
"532","Shenandoah","http://a.espncdn.com/i/teamlogos/ncaa/500/2828.png"
"533","Shepherd","http://a.espncdn.com/i/teamlogos/ncaa/500/2974.png"
"534","Shepherd Tech","http://a.espncdn.com/i/teamlogos/ncaa/500/3181.png"
"535","Shippensburg","http://a.espncdn.com/i/teamlogos/ncaa/500/2559.png"
"536","Siena Heights","http://a.espncdn.com/i/teamlogos/ncaa/500/2562.png"
"537","Simon Fraser","http://a.espncdn.com/i/teamlogos/ncaa/500/2829.png"
"538","Simpson College","http://a.espncdn.com/i/teamlogos/ncaa/500/2564.png"
"539","Slippery Rock","http://a.espncdn.com/i/teamlogos/ncaa/500/215.png"
"540","SMU","http://a.espncdn.com/i/teamlogos/ncaa/500/2567.png"
"541","South Alabama","http://a.espncdn.com/i/teamlogos/ncaa/500/6.png"
"542","South Carolina","http://a.espncdn.com/i/teamlogos/ncaa/500/2579.png"
"543","South Carolina State","http://a.espncdn.com/i/teamlogos/ncaa/500/2569.png"
"544","South Dakota","http://a.espncdn.com/i/teamlogos/ncaa/500/233.png"
"545","South Dakota Mines","http://a.espncdn.com/i/teamlogos/ncaa/500/613.png"
"546","South Dakota State","http://a.espncdn.com/i/teamlogos/ncaa/500/2571.png"
"547","Southeastern Louisiana","http://a.espncdn.com/i/teamlogos/ncaa/500/2545.png"
"548","Southeastern Oklahoma","http://a.espncdn.com/i/teamlogos/ncaa/500/199.png"
"549","Southeastern University","http://a.espncdn.com/i/teamlogos/ncaa/500/267.png"
"550","Southeast Missouri State","http://a.espncdn.com/i/teamlogos/ncaa/500/2546.png"
"551","Southern","http://a.espncdn.com/i/teamlogos/ncaa/500/2582.png"
"552","Southern Arkansas","http://a.espncdn.com/i/teamlogos/ncaa/500/2568.png"
"553","Southern Connecticut State","http://a.espncdn.com/i/teamlogos/ncaa/500/2583.png"
"554","Southern Illinois","http://a.espncdn.com/i/teamlogos/ncaa/500/79.png"
"555","Southern Mississippi","http://a.espncdn.com/i/teamlogos/ncaa/500/2572.png"
"556","Southern Nazarene","http://a.espncdn.com/i/teamlogos/ncaa/500/200.png"
"557","Southern Oregon","http://a.espncdn.com/i/teamlogos/ncaa/500/2584.png"
"558","Southern Utah","http://a.espncdn.com/i/teamlogos/ncaa/500/253.png"
"559","Southern Virginia","http://a.espncdn.com/i/teamlogos/ncaa/500/2896.png"
"560","South Florida","http://a.espncdn.com/i/teamlogos/ncaa/500/58.png"
"561","Southwest Baptist","http://a.espncdn.com/i/teamlogos/ncaa/500/2586.png"
"562","Southwestern Assemblies of God","http://a.espncdn.com/i/teamlogos/ncaa/500/2904.png"
"563","Southwestern College","http://a.espncdn.com/i/teamlogos/ncaa/500/616.png"
"564","Southwestern Oklahoma","http://a.espncdn.com/i/teamlogos/ncaa/500/2927.png"
"565","Southwest Minnesota State","http://a.espncdn.com/i/teamlogos/ncaa/500/2587.png"
"566","Springfield","http://a.espncdn.com/i/teamlogos/ncaa/500/81.png"
"567","St. Ambrose","http://a.espncdn.com/i/teamlogos/ncaa/500/2591.png"
"568","Stanford","http://a.espncdn.com/i/teamlogos/ncaa/500/24.png"
"569","St. Anselm","http://a.espncdn.com/i/teamlogos/ncaa/500/2830.png"
"570","St. Augustine's","http://a.espncdn.com/i/teamlogos/ncaa/500/395.png"
"571","St. Cloud State","http://a.espncdn.com/i/teamlogos/ncaa/500/2594.png"
"572","Stephen F. Austin","http://a.espncdn.com/i/teamlogos/ncaa/500/2617.png"
"573","Sterling College","http://a.espncdn.com/i/teamlogos/ncaa/500/618.png"
"574","Stetson","http://a.espncdn.com/i/teamlogos/ncaa/500/56.png"
"575","Stevenson","http://a.espncdn.com/i/teamlogos/ncaa/500/471.png"
"576","St. Francis (IL)","http://a.espncdn.com/i/teamlogos/ncaa/500/2595.png"
"577","St. Francis (IN)","http://a.espncdn.com/i/teamlogos/ncaa/500/2831.png"
"578","St Francis (PA)","http://a.espncdn.com/i/teamlogos/ncaa/500/2598.png"
"579","St. John Fisher","http://a.espncdn.com/i/teamlogos/ncaa/500/374.png"
"580","St. Johns (MN)","http://a.espncdn.com/i/teamlogos/ncaa/500/2600.png"
"581","St Lawrence","http://a.espncdn.com/i/teamlogos/ncaa/500/2779.png"
"582","St. Norbert","http://a.espncdn.com/i/teamlogos/ncaa/500/2832.png"
"583","St. Olaf College","http://a.espncdn.com/i/teamlogos/ncaa/500/133.png"
"584","Stonehill","http://a.espncdn.com/i/teamlogos/ncaa/500/284.png"
"585","Stony Brook","http://a.espncdn.com/i/teamlogos/ncaa/500/2619.png"
"586","St. Paul's College","http://a.espncdn.com/i/teamlogos/ncaa/500/2611.png"
"587","St. Peter's","http://a.espncdn.com/i/teamlogos/ncaa/500/2612.png"
"588","St. Scholastica","http://a.espncdn.com/i/teamlogos/ncaa/500/375.png"
"589","St. Thomas (MN)","http://a.espncdn.com/i/teamlogos/ncaa/500/2900.png"
"590","St. Vincent","http://a.espncdn.com/i/teamlogos/ncaa/500/2614.png"
"591","St. Xavier (IL)","http://a.espncdn.com/i/teamlogos/ncaa/500/2615.png"
"592","Sul Ross State","http://a.espncdn.com/i/teamlogos/ncaa/500/2834.png"
"593","SUNY Cortland","http://a.espncdn.com/i/teamlogos/ncaa/500/2782.png"
"594","SUNY Maritime","http://a.espncdn.com/i/teamlogos/ncaa/500/2951.png"
"595","Susquehanna","http://a.espncdn.com/i/teamlogos/ncaa/500/216.png"
"596","Syracuse","http://a.espncdn.com/i/teamlogos/ncaa/500/183.png"
"597","Tarleton State","http://a.espncdn.com/i/teamlogos/ncaa/500/2627.png"
"598","TCU","http://a.espncdn.com/i/teamlogos/ncaa/500/2628.png"
"599","Temple","http://a.espncdn.com/i/teamlogos/ncaa/500/218.png"
"600","Tennessee","http://a.espncdn.com/i/teamlogos/ncaa/500/2633.png"
"601","Tennessee State","http://a.espncdn.com/i/teamlogos/ncaa/500/2634.png"
"602","Tennessee Tech","http://a.espncdn.com/i/teamlogos/ncaa/500/2635.png"
"603","Texas","http://a.espncdn.com/i/teamlogos/ncaa/500/251.png"
"604","Texas A&M","http://a.espncdn.com/i/teamlogos/ncaa/500/245.png"
"605","Texas A&M-Commerce","http://a.espncdn.com/i/teamlogos/ncaa/500/2837.png"
"606","Texas A&M-Kingsville","http://a.espncdn.com/i/teamlogos/ncaa/500/2658.png"
"607","Texas College","http://a.espncdn.com/i/teamlogos/ncaa/500/2637.png"
"608","Texas Lutheran","http://a.espncdn.com/i/teamlogos/ncaa/500/2639.png"
"609","Texas Southern","http://a.espncdn.com/i/teamlogos/ncaa/500/2640.png"
"610","Texas State","http://a.espncdn.com/i/teamlogos/ncaa/500/326.png"
"611","Texas Tech","http://a.espncdn.com/i/teamlogos/ncaa/500/2641.png"
"612","The Citadel","http://a.espncdn.com/i/teamlogos/ncaa/500/2643.png"
"613","Thomas More","http://a.espncdn.com/i/teamlogos/ncaa/500/2646.png"
"614","Tiffin","http://a.espncdn.com/i/teamlogos/ncaa/500/2838.png"
"615","Toledo","http://a.espncdn.com/i/teamlogos/ncaa/500/2649.png"
"616","Towson","http://a.espncdn.com/i/teamlogos/ncaa/500/119.png"
"617","Trine","http://a.espncdn.com/i/teamlogos/ncaa/500/2651.png"
"618","Trinity Bible","http://a.espncdn.com/i/teamlogos/ncaa/500/3214.png"
"619","Trinity (CT)","http://a.espncdn.com/i/teamlogos/ncaa/500/2977.png"
"620","Trinity (IL)","http://a.espncdn.com/i/teamlogos/ncaa/500/2652.png"
"621","Trinity (TX)","http://a.espncdn.com/i/teamlogos/ncaa/500/386.png"
"622","Troy","http://a.espncdn.com/i/teamlogos/ncaa/500/2653.png"
"623","Truman State","http://a.espncdn.com/i/teamlogos/ncaa/500/2654.png"
"624","Tufts","http://a.espncdn.com/i/teamlogos/ncaa/500/112.png"
"625","Tulane","http://a.espncdn.com/i/teamlogos/ncaa/500/2655.png"
"626","Tulsa","http://a.espncdn.com/i/teamlogos/ncaa/500/202.png"
"627","Tusculum","http://a.espncdn.com/i/teamlogos/ncaa/500/2839.png"
"628","Tuskegee","http://a.espncdn.com/i/teamlogos/ncaa/500/2657.png"
"629","UAB","http://a.espncdn.com/i/teamlogos/ncaa/500/5.png"
"630","UC Davis","http://a.espncdn.com/i/teamlogos/ncaa/500/302.png"
"631","UCF","http://a.espncdn.com/i/teamlogos/ncaa/500/2116.png"
"632","UCLA","http://a.espncdn.com/i/teamlogos/ncaa/500/26.png"
"633","UMass","http://a.espncdn.com/i/teamlogos/ncaa/500/113.png"
"634","UMass Dartmouth","http://a.espncdn.com/i/teamlogos/ncaa/500/379.png"
"635","UMass Lowell","http://a.espncdn.com/i/teamlogos/ncaa/500/2349.png"
"636","UNC Pembroke","http://a.espncdn.com/i/teamlogos/ncaa/500/2882.png"
"637","Union","http://a.espncdn.com/i/teamlogos/ncaa/500/237.png"
"638","University of Faith","http://a.espncdn.com/i/teamlogos/ncaa/500/3254.png"
"639","UNLV","http://a.espncdn.com/i/teamlogos/ncaa/500/2439.png"
"640","Upper Iowa","http://a.espncdn.com/i/teamlogos/ncaa/500/389.png"
"641","Urbana","http://a.espncdn.com/i/teamlogos/ncaa/500/2666.png"
"642","Ursinus","http://a.espncdn.com/i/teamlogos/ncaa/500/2667.png"
"643","USC","http://a.espncdn.com/i/teamlogos/ncaa/500/30.png"
"644","Utah","http://a.espncdn.com/i/teamlogos/ncaa/500/254.png"
"645","Utah State","http://a.espncdn.com/i/teamlogos/ncaa/500/328.png"
"646","UTEP","http://a.espncdn.com/i/teamlogos/ncaa/500/2638.png"
"647","Utica","http://a.espncdn.com/i/teamlogos/ncaa/500/390.png"
"648","UT Martin","http://a.espncdn.com/i/teamlogos/ncaa/500/2630.png"
"649","UT San Antonio","http://a.espncdn.com/i/teamlogos/ncaa/500/2636.png"
"650","UVA-Wise","http://a.espncdn.com/i/teamlogos/ncaa/500/2842.png"
"651","UW-Oshkosh","http://a.espncdn.com/i/teamlogos/ncaa/500/271.png"
"652","UW-River Falls","http://a.espncdn.com/i/teamlogos/ncaa/500/2723.png"
"653","UW-Stout","http://a.espncdn.com/i/teamlogos/ncaa/500/2744.png"
"654","UW-Whitewater","http://a.espncdn.com/i/teamlogos/ncaa/500/2745.png"
"655","Valdosta State","http://a.espncdn.com/i/teamlogos/ncaa/500/2673.png"
"656","Valley City State","http://a.espncdn.com/i/teamlogos/ncaa/500/628.png"
"657","Valparaiso","http://a.espncdn.com/i/teamlogos/ncaa/500/2674.png"
"658","Vanderbilt","http://a.espncdn.com/i/teamlogos/ncaa/500/238.png"
"659","Villanova","http://a.espncdn.com/i/teamlogos/ncaa/500/222.png"
"660","Virginia","http://a.espncdn.com/i/teamlogos/ncaa/500/258.png"
"661","Virginia State","http://a.espncdn.com/i/teamlogos/ncaa/500/330.png"
"662","Virginia Tech","http://a.espncdn.com/i/teamlogos/ncaa/500/259.png"
"663","VMI","http://a.espncdn.com/i/teamlogos/ncaa/500/2678.png"
"664","Wabash College","http://a.espncdn.com/i/teamlogos/ncaa/500/89.png"
"665","Wagner","http://a.espncdn.com/i/teamlogos/ncaa/500/2681.png"
"666","Wake Forest","http://a.espncdn.com/i/teamlogos/ncaa/500/154.png"
"667","Waldorf","http://a.espncdn.com/i/teamlogos/ncaa/500/3080.png"
"668","Walsh","http://a.espncdn.com/i/teamlogos/ncaa/500/2682.png"
"669","Warner","http://a.espncdn.com/i/teamlogos/ncaa/500/2683.png"
"670","Wartburg","http://a.espncdn.com/i/teamlogos/ncaa/500/2685.png"
"671","Washburn","http://a.espncdn.com/i/teamlogos/ncaa/500/2687.png"
"672","Washington","http://a.espncdn.com/i/teamlogos/ncaa/500/264.png"
"673","Washington & Jefferson","http://a.espncdn.com/i/teamlogos/ncaa/500/2686.png"
"674","Washington & Lee","http://a.espncdn.com/i/teamlogos/ncaa/500/2688.png"
"675","Washington (MO)","http://a.espncdn.com/i/teamlogos/ncaa/500/143.png"
"676","Washington State","http://a.espncdn.com/i/teamlogos/ncaa/500/265.png"
"677","Wayland Baptist","http://a.espncdn.com/i/teamlogos/ncaa/500/630.png"
"678","Waynesburg","http://a.espncdn.com/i/teamlogos/ncaa/500/2845.png"
"679","Wayne State (MI)","http://a.espncdn.com/i/teamlogos/ncaa/500/131.png"
"680","Wayne State (NE)","http://a.espncdn.com/i/teamlogos/ncaa/500/2844.png"
"681","Webber International","http://a.espncdn.com/i/teamlogos/ncaa/500/2691.png"
"682","Weber State","http://a.espncdn.com/i/teamlogos/ncaa/500/2692.png"
"683","Wesleyan","http://a.espncdn.com/i/teamlogos/ncaa/500/336.png"
"684","Wesley College","http://a.espncdn.com/i/teamlogos/ncaa/500/2846.png"
"685","West Alabama","http://a.espncdn.com/i/teamlogos/ncaa/500/2695.png"
"686","West Chester","http://a.espncdn.com/i/teamlogos/ncaa/500/223.png"
"687","Western Carolina","http://a.espncdn.com/i/teamlogos/ncaa/500/2717.png"
"688","Western Connecticut State","http://a.espncdn.com/i/teamlogos/ncaa/500/2843.png"
"689","Western Illinois","http://a.espncdn.com/i/teamlogos/ncaa/500/2710.png"
"690","Western Kentucky","http://a.espncdn.com/i/teamlogos/ncaa/500/98.png"
"691","Western Michigan","http://a.espncdn.com/i/teamlogos/ncaa/500/2711.png"
"692","Western New England","http://a.espncdn.com/i/teamlogos/ncaa/500/2702.png"
"693","Western New Mexico","http://a.espncdn.com/i/teamlogos/ncaa/500/2703.png"
"694","Western Oregon","http://a.espncdn.com/i/teamlogos/ncaa/500/2848.png"
"695","Western State","http://a.espncdn.com/i/teamlogos/ncaa/500/2714.png"
"696","Western Washington","http://a.espncdn.com/i/teamlogos/ncaa/500/2847.png"
"697","Westfield State","http://a.espncdn.com/i/teamlogos/ncaa/500/2909.png"
"698","West Florida",""
"699","West Georgia","http://a.espncdn.com/i/teamlogos/ncaa/500/2698.png"
"700","West Liberty","http://a.espncdn.com/i/teamlogos/ncaa/500/2699.png"
"701","Westminster","http://a.espncdn.com/i/teamlogos/ncaa/500/433.png"
"702","Westminster PA","http://a.espncdn.com/i/teamlogos/ncaa/500/2849.png"
"703","West Texas A&M","http://a.espncdn.com/i/teamlogos/ncaa/500/2704.png"
"704","West Virginia","http://a.espncdn.com/i/teamlogos/ncaa/500/277.png"
"705","West Virginia Tech","http://a.espncdn.com/i/teamlogos/ncaa/500/2706.png"
"706","Wheaton College (Ill)","http://a.espncdn.com/i/teamlogos/ncaa/500/396.png"
"707","Whittier","http://a.espncdn.com/i/teamlogos/ncaa/500/2850.png"
"708","Whitworth","http://a.espncdn.com/i/teamlogos/ncaa/500/2721.png"
"709","Widener","http://a.espncdn.com/i/teamlogos/ncaa/500/2725.png"
"710","Wilkes","http://a.espncdn.com/i/teamlogos/ncaa/500/398.png"
"711","Willamette","http://a.espncdn.com/i/teamlogos/ncaa/500/2930.png"
"712","William Jewell College","http://a.espncdn.com/i/teamlogos/ncaa/500/2911.png"
"713","William & Mary","http://a.espncdn.com/i/teamlogos/ncaa/500/2729.png"
"714","William Paterson","http://a.espncdn.com/i/teamlogos/ncaa/500/2970.png"
"715","William Penn","http://a.espncdn.com/i/teamlogos/ncaa/500/2912.png"
"716","Williams","http://a.espncdn.com/i/teamlogos/ncaa/500/2731.png"
"717","Williamson Trade","http://a.espncdn.com/i/teamlogos/ncaa/500/3130.png"
"718","Wilmington (OH)","http://a.espncdn.com/i/teamlogos/ncaa/500/2733.png"
"719","Wingate","http://a.espncdn.com/i/teamlogos/ncaa/500/351.png"
"720","Winona State","http://a.espncdn.com/i/teamlogos/ncaa/500/2851.png"
"721","Winston-Salem","http://a.espncdn.com/i/teamlogos/ncaa/500/2736.png"
"722","Wisconsin","http://a.espncdn.com/i/teamlogos/ncaa/500/275.png"
"723","Wisconsin-Eau Claire","http://a.espncdn.com/i/teamlogos/ncaa/500/2738.png"
"724","Wisconsin-La Crosse","http://a.espncdn.com/i/teamlogos/ncaa/500/2740.png"
"725","Wisconsin Lutheran","http://a.espncdn.com/i/teamlogos/ncaa/500/2741.png"
"726","Wisconsin-Platteville","http://a.espncdn.com/i/teamlogos/ncaa/500/272.png"
"727","Wisconsin-Stevens Point","http://a.espncdn.com/i/teamlogos/ncaa/500/2743.png"
"728","Wittenberg","http://a.espncdn.com/i/teamlogos/ncaa/500/2746.png"
"729","Wofford","http://a.espncdn.com/i/teamlogos/ncaa/500/2747.png"
"730","Wooster","http://a.espncdn.com/i/teamlogos/ncaa/500/2748.png"
"731","Worcester Polytechnic","http://a.espncdn.com/i/teamlogos/ncaa/500/2749.png"
"732","Worcester State College","http://a.espncdn.com/i/teamlogos/ncaa/500/402.png"
"733","Wright State University","http://a.espncdn.com/i/teamlogos/ncaa/500/2750.png"
"734","WV State","http://a.espncdn.com/i/teamlogos/ncaa/500/2707.png"
"735","WV Wesleyan","http://a.espncdn.com/i/teamlogos/ncaa/500/455.png"
"736","Wyoming","http://a.espncdn.com/i/teamlogos/ncaa/500/2751.png"
"737","Yale","http://a.espncdn.com/i/teamlogos/ncaa/500/43.png"
"738","Youngstown State","http://a.espncdn.com/i/teamlogos/ncaa/500/2754.png"
"739","10th District A.C.",""
"740","111th Ambulance",""
"741","11th Cavalry",""
"742","1st Infantry",""
"743","1st Texas Artillery",""
"744","20th Infantry",""
"745","260th Coast Artillery",""
"746","26th Infantry",""
"747","2nd Developmemt Regiment",""
"748","2nd Texas 132nd Infantry",""
"749","362nd Infantry",""
"750","3rd Army Corps",""
"751","47th Infantry",""
"752","48th Infantry",""
"753","7th Infantry",""
"754","9th Amry Corps",""
"755","Abilene Field",""
"756","Active Football Club",""
"757","Actual Business College",""
"758","Adelbert",""
"759","Adelphi",""
"760","Alabama Medical",""
"761","Alabama Presbyterian",""
"762","Alabama Southern",""
"763","Alameda Coast Guard",""
"764","Alameda NAS",""
"765","Albertson",""
"766","Albuquerque Field",""
"767","Alliance",""
"768","Alma",""
"769","Altoona A.C.",""
"770","Amarillo Field",""
"771","American",""
"772","American Legion",""
"773","American Medical",""
"774","American Osteopath",""
"775","Amherst YMCA",""
"776","Anaconda Anodes",""
"777","Anderson",""
"778","Andover",""
"779","Arizona All-Stars",""
"780","Armour",""
"781","Army Ambulance Corps",""
"782","Athens",""
"783","Athens A.C.",""
"784","Atlantic Christian",""
"785","Atlantic City NAS",""
"786","Augusta Military Academy",""
"787","Augustana (South Dakota)",""
"788","Austin",""
"789","Austin High",""
"790","Bailey Military",""
"791","Bainbridge NTS",""
"792","Baker",""
"793","Balboa NTS",""
"794","Ballard Meteors",""
"795","Baltimore",""
"796","Baltimore A.C.",""
"797","Bankers A.C.",""
"798","Barksdale Field",""
"799","Barnes Medical",""
"800","Barron Field",""
"801","Beaumont Hospital",""
"802","Belhaven College","http://a.espncdn.com/i/teamlogos/ncaa/500/2056.png"
"803","Bellefonte Academy",""
"804","Bellevue",""
"805","Belmont A.C.",""
"806","Beloit High",""
"807","Benedict","http://a.espncdn.com/i/teamlogos/ncaa/500/2059.png"
"808","Bennett Medical",""
"809","Berg Field",""
"810","Bergstrom Field",""
"811","Berkeley A.C.",""
"812","Bethany (Kansas)",""
"813","Bethany (West Virginia)",""
"814","Bethel",""
"815","Bingham",""
"816","Birmingham",""
"817","Birmingham High",""
"818","Bishop",""
"819","Blackland Field",""
"820","Blountsville Agricultural",""
"821","Bogue Field",""
"822","Bolling Field",""
"823","Boston A.C.",""
"824","Boston English High",""
"825","Boston Latin High",""
"826","Boston University",""
"827","Boulder High",""
"828","Bowie State","http://a.espncdn.com/i/teamlogos/ncaa/500/2075.png"
"829","Bradford National Guard",""
"830","Bradley",""
"831","Brandeis",""
"832","Brayton",""
"833","Bremerton Navy",""
"834","Bridgewater",""
"835","Britannia",""
"836","British Club of New York",""
"837","Brooklyn",""
"838","Brooklyn Polytechnic Institute",""
"839","Brooklyn Tigers (NFL)",""
"840","Bryan Field",""
"841","Bryson",""
"842","Buckner Business College",""
"843","Bunker Hill Navy",""
"844","Burleson",""
"845","Burlingame A.C.",""
"846","Butler YMCA",""
"847","Butte A.C.",""
"848","California Alumni",""
"849","California (Pennsylvania)",""
"850","California-Riverside",""
"851","California-Santa Barbara",""
"852","California Tech",""
"853","Cal Poly-Pomona",""
"854","Cal State Fullerton",""
"855","Cal State Los Angeles",""
"856","Cal State Northridge",""
"857","Camp Adams",""
"858","Camp Baker",""
"859","Camp Beale",""
"860","Camp Blanding",""
"861","Camp Davis",""
"862","Camp Devens",""
"863","Camp Dodge",""
"864","Camp Doniphan",""
"865","Campello",""
"866","Camp Funston",""
"867","Camp Gordon",""
"868","Camp Grant",""
"869","Camp Greene",""
"870","Camp Greenleaf",""
"871","Camp Griffin",""
"872","Camp Haan",""
"873","Camp Hancock",""
"874","Camp Harrison",""
"875","Camp Hood",""
"876","Camp Humphreys",""
"877","Camp Kilmer",""
"878","Camp Lee",""
"879","Camp Lejeune",""
"880","Camp Logan",""
"881","Camp Lyons",""
"882","Camp Mabry",""
"883","Camp MacAurthur",""
"884","Camp MacDowell",""
"885","Camp Mackall",""
"886","Camp McClelland",""
"887","Camp McKinley",""
"888","Camp McPherson",""
"889","Camp Meyer",""
"890","Camp Peary",""
"891","Camp Pendleton",""
"892","Camp Perry",""
"893","Camp Pickett",""
"894","Camp Pike",""
"895","Camp Polk",""
"896","Camp Preble",""
"897","Camp Russell",""
"898","Camp Sevier",""
"899","Camp Shelby",""
"900","Camp Sherman",""
"901","Camp Taylor",""
"902","Camp Travis",""
"903","Camp Wadsworth",""
"904","Canada All-Stars",""
"905","Canisius",""
"906","Canton A.C.",""
"907","Carleton-St. Olaf",""
"908","Carlisle",""
"909","Carlstrom Field",""
"910","Carroll (Montana)",""
"911","Carroll (Wisconsin)",""
"912","Carruthers Field",""
"913","Carswell AFB",""
"914","Casa Blanca Indians",""
"915","Case",""
"916","Castle Heights",""
"917","Catawba College",""
"918","Catholic",""
"919","Centenary (LA)",""
"920","Centerville (Butte)",""
"921","Central Academy",""
"922","Central (Iowa)",""
"923","Central (Kentucky)",""
"924","Chamberlain Hunt",""
"925","Chanute Field",""
"926","Charles City",""
"927","Charleston",""
"928","Charleston Coast Guard",""
"929","Charleston Navy",""
"930","Chatham Field",""
"931","Chemawa",""
"932","Cherry Point Marines",""
"933","Cheyenne High",""
"934","Chicago A.C.",""
"935","Chicago Alumni",""
"936","Chicago College",""
"937","Chicago Dental",""
"938","Chicago Dining Club",""
"939","Chicago Medical",""
"940","Chicago Naval Reserve",""
"941","Chicago YMCA",""
"942","Chick Springs Military",""
"943","Chilocco",""
"944","Chowan","http://a.espncdn.com/i/teamlogos/ncaa/500/2804.png"
"945","Christian Brothers",""
"946","City College of New York",""
"947","Clarke Memorial",""
"948","Clarkson",""
"949","Clemson Freshmen",""
"950","Cleveland Naval Reserves",""
"951","C.M.T.S.",""
"952","College All-Stars",""
"953","Colorado Alumni",""
"954","Colorado College Alumni",""
"955","Colorado Springs Field",""
"956","Colorado Springs High",""
"957","Colorado State Freshmen",""
"958","Columbia A.C.",""
"959","Columbia Alumni",""
"960","Columbia College",""
"961","Columbia Law",""
"962","Columbia (Oregon)",""
"963","Columbia YMCA",""
"964","Company I",""
"965","Connecticut Literary",""
"966","Connecticut-Waterbury",""
"967","Conway Hall",""
"968","Corpus Christi NAS",""
"969","Cortland State",""
"970","Cotton City A.C.",""
"971","Crane J.C.",""
"972","Creighton",""
"973","Crescent A.C.",""
"974","Culver",""
"975","Curtis Bay Coast Guard",""
"976","Dalhart Field",""
"977","Dallas",""
"978","Daniel Baker",""
"979","Daniel Field",""
"980","Davis & Elkins",""
"981","Dean Academy",""
"982","Decatur Baptist",""
"983","Del Monte Pre-Flight",""
"984","Denver",""
"985","Denver A.C.",""
"986","Denver Alumni",""
"987","Denver Freshmen",""
"988","Denver Manual High",""
"989","DePaul",""
"990","Des Moines",""
"991","Des Moines Baptist",""
"992","Detroit A.C.",""
"993","Detroit Mercy",""
"994","Dickinson Seminary",""
"995","Dixie",""
"996","Dixie State","http://a.espncdn.com/i/teamlogos/ncaa/500/3101.png"
"997","Dixon",""
"998","Doane",""
"999","Drake Alumni",""
"1000","Drexel",""
"1001","Drury",""
"1002","Duquesne A.C.",""
"1003","East Central Oklahoma",""
"1004","East Denver High",""
"1005","East Des Moines High",""
"1006","Eastern Arizona J.C.",""
"1007","Eastern (Virginia)",""
"1008","Edmond Tech",""
"1009","Edmonton Field",""
"1010","Edward Waters",""
"1011","Elgin Academy",""
"1012","Elizabeth A.C.",""
"1013","Ellensburg",""
"1014","Ellington Field",""
"1015","Ellsworth",""
"1016","El Paso National Guard",""
"1017","El Toro Marines",""
"1018","Emporia College",""
"1019","Englewood",""
"1020","Englewood High",""
"1021","Englewood YMCA",""
"1022","Erskine",""
"1023","Eton",""
"1024","Eureka",""
"1025","Evanston High",""
"1026","Evansville",""
"1027","Exeter",""
"1028","F.A.A.",""
"1029","Fall River",""
"1030","Falls of Schuylkill",""
"1031","Farragut Navy",""
"1032","Finlandia University",""
"1033","Fishburne M.A.",""
"1034","Fitchburg YMCA",""
"1035","Fleet City",""
"1036","Florence YMCA",""
"1037","Florida Southern",""
"1038","Fort Benning",""
"1039","Fort Bliss",""
"1040","Fort Bragg",""
"1041","Fort Des Moines",""
"1042","Fort Douglas",""
"1043","Fort Ethan Allen",""
"1044","Fort Jackson",""
"1045","Fort Knox",""
"1046","Fort Leavenworth",""
"1047","Fort Lewis College",""
"1048","Fort Monmouth",""
"1049","Fort Monroe",""
"1050","Fort Oglethorpe",""
"1051","Fort Ord",""
"1052","Fort Pierce",""
"1053","Fort Riley",""
"1054","Fort Sheridan",""
"1055","Fort Totten",""
"1056","Fort Warren",""
"1057","Fort Worth",""
"1058","Foundation",""
"1059","Frederick",""
"1060","Freeport High",""
"1061","Fremont Ammuntion",""
"1062","Fresno State JV",""
"1063","Friends",""
"1064","Galveston Field",""
"1065","Garden City",""
"1066","Geneva",""
"1067","Georgetown (Kentucky)",""
"1068","George Washington",""
"1069","Georgia B",""
"1070","Georgia Medical",""
"1071","Georgia Pre-Flight",""
"1072","Georgia Tech B",""
"1073","Goat Island Navy",""
"1074","Golden High",""
"1075","Gonzaga",""
"1076","Gonzaga Alumni",""
"1077","Gordon",""
"1078","Goshen",""
"1079","Grand Island",""
"1080","Grand Rapids High",""
"1081","Granite High",""
"1082","Great Lakes Navy",""
"1083","Greenfield",""
"1084","Greensboro Field",""
"1085","Greenville Field",""
"1086","Greer",""
"1087","Grinnell Alumni",""
"1088","Grinnell High",""
"1089","Grove City",""
"1090","Hahnemann Medical",""
"1091","Hamilton A.C.",""
"1092","Hampton A.C.",""
"1093","Hampton Road",""
"1094","Harrisburg A.C.",""
"1095","Harry Hillman Academy",""
"1096","Hartford",""
"1097","Harvard Alumni",""
"1098","Harvard B",""
"1099","Harvard Freshmen",""
"1100","Harvard Law",""
"1101","Haskell",""
"1102","Hastings",""
"1103","Hastings State",""
"1104","Havana A.C.",""
"1105","Havana University",""
"1106","Haverford",""
"1107","Hawaii All-Stars",""
"1108","Hayward State",""
"1109","Hebron Academy",""
"1110","Hedding",""
"1111","Herington Field",""
"1112","Highland Park",""
"1113","High Point",""
"1114","Hiwassee",""
"1115","Hoboken Navy",""
"1116","Hofstra","http://a.espncdn.com/i/teamlogos/ncaa/500/2275.png"
"1117","Homestead A.C.",""
"1118","Hondo Field",""
"1119","Hopkinson",""
"1120","Horner",""
"1121","Houston YMCA",""
"1122","Hyde Park",""
"1123","Hyde Park High",""
"1124","Idaho Marines",""
"1125","Illinois Alumni",""
"1126","Illinois Cycling Club",""
"1127","Illinois Medical",""
"1128","Independence A.C.",""
"1129","Indiana Alumni",""
"1130","Indiana Medical",""
"1131","Indiana (Pennsylvania)",""
"1132","Indianapolis Artillery",""
"1133","Intermountain",""
"1134","Iowa Pre-Flight",""
"1135","Jackson Br.-New Orleans",""
"1136","Jackson Field",""
"1137","Jacksonville Naval Air Station",""
"1138","James Millikin",""
"1139","Jefferson",""
"1140","Jefferson Medical",""
"1141","Jersey Shore",""
"1142","Kamehameha Alumni",""
"1143","Kansas City A.C.",""
"1144","Kansas City Medical",""
"1145","Kansas City Veterinary",""
"1146","Kansas Wesleyan",""
"1147","Kean","http://a.espncdn.com/i/teamlogos/ncaa/500/2871.png"
"1148","Kearney",""
"1149","Kearney Field",""
"1150","Keesler Field",""
"1151","Kelly Field",""
"1152","Kents Hill",""
"1153","Kentucky Christian","http://a.espncdn.com/i/teamlogos/ncaa/500/3077.png"
"1154","King",""
"1155","Kingfisher",""
"1156","King George",""
"1157","Kirtland Field",""
"1158","Kiski Preparatory",""
"1159","Knox College","http://a.espncdn.com/i/teamlogos/ncaa/500/255.png"
"1160","Lackland Field",""
"1161","Lake Forest Academy",""
"1162","Lake Forest Alumni",""
"1163","Lakehurst NAS",""
"1164","Lakeland University","http://a.espncdn.com/i/teamlogos/ncaa/500/6353.png"
"1165","Lake View High",""
"1166","Lancaster Crescents",""
"1167","Lane","http://a.espncdn.com/i/teamlogos/ncaa/500/2323.png"
"1168","Lanier",""
"1169","Laramie High",""
"1170","La Salle",""
"1171","Latrobe A.C.",""
"1172","Laureate Boat Club",""
"1173","Lawrenceville",""
"1174","Lawton",""
"1175","League Island Navy",""
"1176","Leander Clarke",""
"1177","Lehigh A.C.",""
"1178","Leilahau",""
"1179","Lewisburg A.C.",""
"1180","Lieutenants",""
"1181","Lincoln",""
"1182","Lincoln Field",""
"1183","Lincoln High",""
"1184","Lincoln Medical",""
"1185","Locust Grove",""
"1186","Logan All-Stars",""
"1187","Lombard",""
"1188","Long Beach State",""
"1189","Longmont High",""
"1190","Loras",""
"1191","Loras College","http://a.espncdn.com/i/teamlogos/ncaa/500/263.png"
"1192","Los Angeles A.C.",""
"1193","Los Angeles Junior College",""
"1194","Louisiana Army STU",""
"1195","Louisiana State Freshmen",""
"1196","Louisville Field",""
"1197","Love Field",""
"1198","Lowry Field",""
"1199","Loyola Academy",""
"1200","Loyola (Baltimore)",""
"1201","Loyola (Chicago)",""
"1202","Loyola (LA)",""
"1203","Loyola Marymount",""
"1204","Lubbock Field",""
"1205","Lynchburg",""
"1206","MacAurthur Field",""
"1207","Machinists Mates",""
"1208","Madison High",""
"1209","Manhattan",""
"1210","Manhattan A.C.",""
"1211","Manhattan Beach Coast Guard",""
"1212","Mankato State",""
"1213","Manual Training High",""
"1214","March Field",""
"1215","Mare Island Marines",""
"1216","Mare Island Navy",""
"1217","Marine Officers",""
"1218","Marion",""
"1219","Marion County High",""
"1220","Marion Sims",""
"1221","Marquette",""
"1222","Marshall School",""
"1223","Marshalltown",""
"1224","Maryland A.C.",""
"1225","Maryland-Baltimore",""
"1226","Massilon A.C.",""
"1227","Mather Field",""
"1228","Maxwell Field",""
"1229","Mayport NAS",""
"1230","McClellan Field",""
"1231","McDaniel",""
"1232","McGill",""
"1233","McKendree","http://a.espncdn.com/i/teamlogos/ncaa/500/2816.png"
"1234","Medford A.C.",""
"1235","Medico-Chirurgical",""
"1236","Melville PT Boats",""
"1237","Memphis High",""
"1238","Memphis Navy",""
"1239","Mercersburg Academy",""
"1240","Meridian",""
"1241","Meteor A.C.",""
"1242","Michigan A.C.",""
"1243","Michigan Military Academy",""
"1244","Midwestern Texas State",""
"1245","Milligan",""
"1246","Milwaukee Medical",""
"1247","Minneapolis Boat Club",""
"1248","Minneapolis Central High",""
"1249","Minneapolis Eastern High",""
"1250","Minneapolis South High",""
"1251","Minnesota Alumni",""
"1252","Missouri-Kansas City",""
"1253","Missouri-Rolla",""
"1254","Missouri Southern",""
"1255","Missouri Valley",""
"1256","Missouri Wesleyan",""
"1257","MIT","http://a.espncdn.com/i/teamlogos/ncaa/500/109.png"
"1258","Moffett Field",""
"1259","Mohawk",""
"1260","Moline A.C.",""
"1261","Monroe A.C.",""
"1262","Montana Tech",""
"1263","Montana Wesleyan",""
"1264","Montclair A.C.",""
"1265","Montezuma",""
"1266","Montgomery A.C.",""
"1267","Monticello Navy",""
"1268","Montreal",""
"1269","Mooney",""
"1270","Moorhead State",""
"1271","Morgan",""
"1272","Morganton Mutes",""
"1273","Morris Field",""
"1274","Morris Harvey",""
"1275","Mount Airy Deaf School",""
"1276","Mount Carmel All-Stars",""
"1277","Mount Hermon",""
"1278","Mount Pleasant",""
"1279","Mount St. Mary's",""
"1280","Multnomah A.C.",""
"1281","Nashville",""
"1282","Navy Hospital Corps",""
"1283","Navy Reserves",""
"1284","Navy Transport",""
"1285","Nebraska Alumni",""
"1286","Nebraska Wesleyan",""
"1287","Nebraska Wesleyan University","http://a.espncdn.com/i/teamlogos/ncaa/500/6845.png"
"1288","Needham",""
"1289","Newark A.C.",""
"1290","Newberry A.C.",""
"1291","Newburyport A.C.",""
"1292","New England All-Stars",""
"1293","New Jersey A.C.",""
"1294","New London Submarine Base",""
"1295","New Mexico Military",""
"1296","New Mexico Tech",""
"1297","New Orleans Gym Club",""
"1298","Newport Navy",""
"1299","Newport News",""
"1300","Newport NTS",""
"1301","Newton A.C.",""
"1302","Newton High",""
"1303","Newtowne A.C.",""
"1304","New York A.C.",""
"1305","New York Law",""
"1306","New York Naval Militia",""
"1307","New York State",""
"1308","New York University",""
"1309","Niagara",""
"1310","Norfolk A.C.",""
"1311","Norfolk Blues",""
"1312","Norfolk Fire Department",""
"1313","Norfolk Marines",""
"1314","Norfolk Navy",""
"1315","Norfolk Navy Base",""
"1316","Norfolk Navy Yard",""
"1317","Norman Naval Air Station",""
"1318","Norman Park",""
"1319","North Alabama A.C.",""
"1320","North Carolina Medical",""
"1321","North Carolina Pre-Flight",""
"1322","North Dakota Teachers",""
"1323","North Denver High",""
"1324","North Division High",""
"1325","Northeastern","http://a.espncdn.com/i/teamlogos/ncaa/500/111.png"
"1326","Northeastern Oklahoma State",""
"1327","North Georgia",""
"1328","Northwest Division High",""
"1329","Northwestern Academy",""
"1330","Northwestern Alumni",""
"1331","Northwestern Dental",""
"1332","Northwestern (Wisconsin)",""
"1333","Notre Dame B",""
"1334","Oak Ridge",""
"1335","Oceana NAS",""
"1336","Ogden A.C.",""
"1337","Ogden High",""
"1338","Oglethorpe",""
"1339","Ohio Am. Corp.",""
"1340","Ohio Medical",""
"1341","Oklahoma City",""
"1342","Oklahoma Mines",""
"1343","Oklahoma Teachers",""
"1344","Olathe Navy",""
"1345","Olivet",""
"1346","Olympic A.C.",""
"1347","Olympic Club",""
"1348","Omaha Balloon",""
"1349","Omaha Light Guards",""
"1350","Onondaga",""
"1351","Orange A.C.",""
"1352","Oregon College",""
"1353","Oregon State Alumni",""
"1354","Originals A.C.",""
"1355","Ottawa",""
"1356","Ottumwa Pre-Flight",""
"1357","Ouachita",""
"1358","Overland Station",""
"1359","Ozarks",""
"1360","Pacific",""
"1361","Pacific All-Stars",""
"1362","Pacific Fleet",""
"1363","Pacific (Oregon)",""
"1364","Pacific Submarines",""
"1365","Palmyra",""
"1366","Panhandle State",""
"1367","Panora",""
"1368","Park Field",""
"1369","Parris Island Marines",""
"1370","Parsons",""
"1371","Parsons (Iowa)",""
"1372","Pastime A.C.",""
"1373","Payne Field",""
"1374","Pearl Harbor",""
"1375","Pelham Bay Navy",""
"1376","Penn Radio School",""
"1377","Pennsylvania Alumni",""
"1378","Pennsylvania College",""
"1379","Pennsylvania Military",""
"1380","Pennsylvania Railroad YMCA",""
"1381","Pennsylvania Reserves",""
"1382","Pensacola A.C.",""
"1383","Pensacola NAS",""
"1384","Peoria Socials A.C.",""
"1385","Pepperdine",""
"1386","Peru State",""
"1387","Phialdelphia YMCA",""
"1388","Philadelphia A.C.",""
"1389","Philadelphia All-Stars",""
"1390","Philadelphia Naval Yard",""
"1391","Phillips",""
"1392","Phoenix A.C.",""
"1393","Phoenix All-Stars",""
"1394","Phoenix Indians",""
"1395","Physicians & Surgeons",""
"1396","Piedmont",""
"1397","Pittsburgh A.C.",""
"1398","Pittsburgh Lyceum",""
"1399","Pittsfield A.C.",""
"1400","Pleasanton Navy",""
"1401","Pomona Ordinance Base",""
"1402","Pontiac A.C.",""
"1403","Porter Military",""
"1404","Portland",""
"1405","Portland A.C.",""
"1406","Port Royal",""
"1407","Portsmouth Fleet",""
"1408","Post Field",""
"1409","Prairie A.C.",""
"1410","Presidio of San Francisco",""
"1411","Princeton A.C.",""
"1412","Princeton Alumni",""
"1413","Princeton Seminary",""
"1414","Providence",""
"1415","Pueblo High",""
"1416","Pueblo YMCA",""
"1417","Purdue Alumni",""
"1418","Quantico Marines",""
"1419","Quincy A.C.",""
"1420","Randolph Field",""
"1421","Ream Field",""
"1422","Regis (CO)",""
"1423","Reina Mercedes",""
"1424","Reliance A.C.",""
"1425","Richmond Blues",""
"1426","Richmond Field",""
"1427","Ridgefield A.C.",""
"1428","Riverside",""
"1429","Roanoke",""
"1430","Rockford High",""
"1431","Rockford YMCA",""
"1432","Rockhurst",""
"1433","Rock Island A.C.",""
"1434","Rollins",""
"1435","Rooks",""
"1436","Rush Medical",""
"1437","Rusk",""
"1438","Sacaton Indians",""
"1439","Sacred Heart (Wisconsin)",""
"1440","Saint Louis",""
"1441","Saint Mary's (CA)",""
"1442","Saint Mary's (CA) Pre-Flight",""
"1443","Salt Lake Field",""
"1444","Salt Lake High",""
"1445","Salt Lake YMCA",""
"1446","Sampson NTS",""
"1447","San Diego Bombers (PCFL)",""
"1448","San Diego Marines",""
"1449","San Diego Navy",""
"1450","San Francisco",""
"1451","San Francisco Clippers (AFL)",""
"1452","San Francisco State",""
"1453","San Pedro A.C.",""
"1454","San Pedro Navy",""
"1455","Santa Ana Field",""
"1456","Santa Clara",""
"1457","Savannah A.C.",""
"1458","S.B. Howard Park",""
"1459","Schuylkill",""
"1460","Schuylkill Navy",""
"1461","Scott Field",""
"1462","Scout Fleet",""
"1463","Scranton",""
"1464","Seamen Gunners",""
"1465","Second Air Force",""
"1466","Second Air Force (Colorado)",""
"1467","Second Air Force (Washington)",""
"1468","Seton Hall",""
"1469","Sewanee Club (Virginia)",""
"1470","Sewanee Medical",""
"1471","Shamokin",""
"1472","Shattuck",""
"1473","Sherman",""
"1474","Shorter","http://a.espncdn.com/i/teamlogos/ncaa/500/2560.png"
"1475","Shreveport A.C.",""
"1476","Shurtleff",""
"1477","Sioux City A.C.",""
"1478","Sioux Falls","http://a.espncdn.com/i/teamlogos/ncaa/500/2894.png"
"1479","SMTS",""
"1480","Sonoma State",""
"1481","South Bend A.C.",""
"1482","South Berwick",""
"1483","South Denver High",""
"1484","Southeastern Oklahoma State",""
"1485","Southern California Alumni",""
"1486","Southern College",""
"1487","Southern Methodist Freshmen",""
"1488","Southern Military Academy",""
"1489","South Plains Field",""
"1490","South Side Academy",""
"1491","Southwestern (Kansas)",""
"1492","Southwestern Oklahoma State",""
"1493","Southwestern University","http://a.espncdn.com/i/teamlogos/ncaa/500/2588.png"
"1494","Spence Field",""
"1495","Spring Hill",""
"1496","Squantum NAS",""
"1497","Staats A.C.",""
"1498","St. Albans",""
"1499","Standifer Shipbuilders",""
"1500","St. Benedict",""
"1501","St. Bonaventure",""
"1502","St. Edward's",""
"1503","Steelton YMCA",""
"1504","Sterling A.C.",""
"1505","Stevens",""
"1506","Stevens Alumni",""
"1507","St. Francis (Pennsylvania)",""
"1508","St. Helena NTS",""
"1509","Still",""
"1510","St. John's M.A.",""
"1511","St. John's (Maryland)",""
"1512","St. Joseph's (Indiana)",""
"1513","St. Joseph's (Pennsylvania)",""
"1514","St. Lawrence",""
"1515","St. Louis Alumni-Hawaii",""
"1516","St. Mary's (Kansas)",""
"1517","St. Mary's (Minnesota)",""
"1518","St. Mary's (Texas)",""
"1519","St. Olaf",""
"1520","St. Paul",""
"1521","St. Paul Central High",""
"1522","St. Paul's (New Hampshire)",""
"1523","Stroudsburg",""
"1524","St. Steven's",""
"1525","St. Thomas",""
"1526","St. Viator",""
"1527","St. Vincent's (California)",""
"1528","St. Vincent's (Pennsylvania)",""
"1529","Superba A.C.",""
"1530","Swarthmore",""
"1531","Swarthmore Alumni",""
"1532","Syracuse A.C.",""
"1533","Syracuse Alumni",""
"1534","Talladega",""
"1535","Tampa",""
"1536","Tampa A.C.",""
"1537","Tarkio",""
"1538","Taylor","http://a.espncdn.com/i/teamlogos/ncaa/500/620.png"
"1539","Temperance A.C.",""
"1540","Tennessee Deaf School",""
"1541","Tennessee Medical College",""
"1542","Tennessee-Memphis",""
"1543","Tennessee Military",""
"1544","Tennessee Wesleyan",""
"1545","Texas A&M-Corpus Christi",""
"1546","Texas-Arlington",""
"1547","Texas Deaf School",""
"1548","Texas Military",""
"1549","Texas Wesleyan",""
"1550","Thiel",""
"1551","Thiel College","http://a.espncdn.com/i/teamlogos/ncaa/500/2644.png"
"1552","Third Air Force",""
"1553","Tioga",""
"1554","Toledo A.C.",""
"1555","Tonkawa Preparatory",""
"1556","Toronto All-Stars",""
"1557","Transylvania",""
"1558","Trinity International (IL)","http://a.espncdn.com/i/teamlogos/ncaa/500/2907.png"
"1559","Trinity (Texas)",""
"1560","Troy Laureates",""
"1561","Tulane Alumni",""
"1562","Twin Cities Central High",""
"1563","Twin Cities High",""
"1564","UAY All-Stars",""
"1565","Union College","http://a.espncdn.com/i/teamlogos/ncaa/500/2841.png"
"1566","Union (NY)",""
"1567","Union (Tennessee)",""
"1568","University Club of Chicago",""
"1569","University of Mary","http://a.espncdn.com/i/teamlogos/ncaa/500/559.png"
"1570","University of Mexico",""
"1571","Upsala",""
"1572","U.S. Amphibians",""
"1573","U.S. International",""
"1574","U.S. Marines",""
"1575","US Recup. Company",""
"1576","USS Boston",""
"1577","USS Franklin",""
"1578","USS Idaho",""
"1579","USS Maryland",""
"1580","USS Mercy",""
"1581","USS Minnesota",""
"1582","USS Mississippi",""
"1583","USS New Mexico",""
"1584","USS New York",""
"1585","USS Oklahoma",""
"1586","USS Tennessee",""
"1587","USS Utah",""
"1588","USS Washington",""
"1589","Utah Alumni",""
"1590","Utah Field Artillery",""
"1591","Utah State Alumni",""
"1592","Vancouver Barracks",""
"1593","Vanderbilt Alumni",""
"1594","Vedado A.C.",""
"1595","Vermont",""
"1596","Vermont Methodist Seminary",""
"1597","Vicksburg A.C.",""
"1598","Vigilant A.C.",""
"1599","Vincennes",""
"1600","Vineland",""
"1601","Virginia Boat Club",""
"1602","Virginia Medical",""
"1603","Virginia Tech Alumni",""
"1604","Virginia Union","http://a.espncdn.com/i/teamlogos/ncaa/500/2676.png"
"1605","Volunteer A.C.",""
"1606","Waco Field",""
"1607","Wake Forest Freshmen",""
"1608","Walton",""
"1609","Warrenton Preparatory",""
"1610","Washington Artillery",""
"1611","Washington (Maryland)",""
"1612","Washington Redskins (NFL)",""
"1613","Washington YMCA",""
"1614","Waterton",""
"1615","Watertown",""
"1616","Waukegan High",""
"1617","Wayne State",""
"1618","Welch Neck High",""
"1619","Wendell Phillips High",""
"1620","Wesley",""
"1621","Wesleyan (CT)",""
"1622","West Coast Army",""
"1623","West Coast Navy",""
"1624","West Denver High",""
"1625","West Division High",""
"1626","West End Amateurs",""
"1627","Western (Iowa)",""
"1628","Western Reserve",""
"1629","West Logan High",""
"1630","Westminster (Missouri)",""
"1631","Westminster (Pennsylvania)",""
"1632","West Seattle A.C.",""
"1633","West Texas Military",""
"1634","Wetumpka",""
"1635","Wheaton High",""
"1636","White Sands",""
"1637","White Squadron",""
"1638","Whitman",""
"1639","Wichita State",""
"1640","William Jewell",""
"1641","Williams Alumni",""
"1642","Williams Field",""
"1643","Williamsport",""
"1644","Williston",""
"1645","Wilmington",""
"1646","Winchester",""
"1647","Wisconsin Alumni",""
"1648","Wisconsin Freshmen",""
"1649","Wisconsin-Milwaukee",""
"1650","Wisconsin-Oshkosh",""
"1651","Wisconsin-Whitewater",""
"1652","Wissahickon Barracks",""
"1653","Worcester A.C.",""
"1654","Worcester Academy",""
"1655","Wyoming Alumni",""
"1656","Wyoming Faculty",""
"1657","Wyoming Seminary",""
"1658","Xavier",""
"1659","Yale Alumni",""
"1660","Yale Consolidated",""
"1661","Yale Freshmen",""
"1662","Yale/Princeton/Harvard Grads",""
"1663","YMI",""
"1664","York YMCA",""
"1665","Yuma Field",""
